field,m,angle,distance,relerr_offset,relerr_abs,mag
phis,0,0.000000,1.000000e-12,1.362660e-16,8.889268e-05,8.958236e+11
phis,0,0.000000,1.778279e-12,2.423190e-16,8.222882e-05,5.037587e+11
phis,0,0.000000,3.162278e-12,0.000000e+00,1.146413e-04,2.832843e+11
phis,0,0.000000,5.623413e-12,0.000000e+00,9.468470e-05,1.593025e+11
phis,0,0.000000,1.000000e-11,1.703325e-16,8.874298e-05,8.958236e+10
phis,0,0.000000,1.778279e-11,4.543482e-16,1.766951e-05,5.037587e+10
phis,0,0.000000,3.162278e-11,2.693193e-16,2.281484e-06,2.832843e+10
phis,0,0.000000,5.623413e-11,1.197313e-16,7.209396e-08,1.593025e+10
phis,0,0.000000,1.000000e-10,2.129156e-16,8.274036e-08,8.958236e+09
phis,0,0.000000,1.778279e-10,0.000000e+00,2.308558e-06,5.037587e+09
phis,0,0.000000,3.162278e-10,3.366492e-16,2.281484e-06,2.832843e+09
phis,0,0.000000,5.623413e-10,1.496641e-16,7.209396e-08,1.593025e+09
phis,0,0.000000,1.000000e-09,3.992168e-16,8.274036e-08,8.958236e+08
phis,0,0.000000,1.778279e-09,1.183198e-16,3.107153e-07,5.037587e+08
phis,0,0.000000,3.162278e-09,4.208115e-16,3.454494e-08,2.832843e+08
phis,0,0.000000,5.623413e-09,3.741602e-16,7.209396e-08,1.593025e+08
phis,0,0.000000,1.000000e-08,4.990210e-16,8.274036e-08,8.958236e+07
phis,0,0.000000,1.778279e-08,5.915992e-16,1.103954e-08,5.037587e+07
phis,0,0.000000,3.162278e-08,1.315036e-16,2.162839e-08,2.832843e+07
phis,0,0.000000,5.623413e-08,0.000000e+00,8.916782e-09,1.593025e+07
phis,0,0.000000,1.000000e-07,2.079254e-16,6.077471e-09,8.958236e+06
phis,0,0.000000,1.778279e-07,1.848748e-16,1.050353e-09,5.037587e+06
phis,0,0.000000,3.162278e-07,1.643795e-16,8.409403e-10,2.832843e+06
phis,0,0.000000,5.623413e-07,1.461563e-16,5.597942e-10,1.593025e+06
phis,0,0.000000,1.000000e-06,0.000000e+00,7.484011e-10,8.958236e+05
phis,0,0.000000,1.778279e-06,1.155467e-16,5.143435e-11,5.037587e+05
phis,0,0.000000,3.162278e-06,2.054744e-16,2.792068e-10,2.832843e+05
phis,0,0.000000,5.623413e-06,3.653908e-16,7.197742e-11,1.593025e+05
phis,0,0.000000,1.000000e-05,6.497669e-16,3.785802e-11,8.958237e+04
phis,0,0.000000,1.778279e-05,2.888668e-16,4.845726e-11,5.037587e+04
phis,0,0.000000,3.162278e-05,2.568429e-16,1.659847e-12,2.832844e+04
phis,0,0.000000,5.623413e-05,7.992921e-16,8.799978e-12,1.593025e+04
phis,0,0.000000,1.000000e-04,0.000000e+00,2.330835e-12,8.958242e+03
phis,0,0.000000,1.778279e-04,5.416247e-16,1.488204e-12,5.037592e+03
phis,0,0.000000,3.162278e-04,0.000000e+00,1.659684e-12,2.832849e+03
phis,0,0.000000,5.623413e-04,1.427303e-16,6.766844e-13,1.593030e+03
phis,0,0.000000,1.000000e-03,3.807205e-16,5.542022e-13,8.958291e+02
phis,0,0.000000,1.778279e-03,4.513495e-16,4.894885e-13,5.037641e+02
phis,0,0.000000,3.162278e-03,0.000000e+00,2.468053e-14,2.832898e+02
phis,0,0.000000,5.623413e-03,1.784074e-16,4.460185e-14,1.593079e+02
phis,0,0.000000,1.000000e-02,0.000000e+00,2.141436e-14,8.958781e+01
phis,0,0.000000,1.778279e-02,1.410330e-16,9.872310e-15,5.038131e+01
phis,0,0.000000,3.162278e-02,6.269375e-16,2.507750e-14,2.833388e+01
phis,0,0.000000,5.623413e-02,0.000000e+00,1.281908e-14,1.593570e+01
phis,0,0.000000,1.000000e-01,1.981725e-16,3.963450e-15,8.963690e+00
phis,0,0.000000,1.778279e-01,3.522387e-16,1.761193e-16,5.043049e+00
phis,0,0.000000,3.162278e-01,1.564619e-16,2.972777e-15,2.838321e+00
phis,0,0.000000,5.623413e-01,0.000000e+00,1.389055e-16,1.598530e+00
phis,0,0.000000,1.000000e+00,2.463402e-16,2.463402e-16,9.013738e-01
phis,0,0.523599,1.000000e-12,0.000000e+00,1.205130e-04,1.963633e+11
phis,0,0.523599,1.778279e-12,2.763692e-16,7.771499e-05,1.104232e+11
phis,0,0.523599,3.162278e-12,2.457308e-16,3.184163e-05,6.209554e+10
phis,0,0.523599,5.623413e-12,0.000000e+00,2.071795e-05,3.491889e+10
phis,0,0.523599,1.000000e-11,3.885346e-16,2.060836e-06,1.963633e+10
phis,0,0.523599,1.778279e-11,1.727308e-16,5.490077e-06,1.104232e+10
phis,0,0.523599,3.162278e-11,0.000000e+00,2.244641e-06,6.209554e+09
phis,0,0.523599,5.623413e-11,1.365557e-16,2.352104e-07,3.491889e+09
phis,0,0.523599,1.000000e-10,2.428341e-16,1.565777e-07,1.963633e+09
phis,0,0.523599,1.778279e-10,0.000000e+00,6.918925e-08,1.104232e+09
phis,0,0.523599,3.162278e-10,1.919772e-16,4.628170e-07,6.209554e+08
phis,0,0.523599,5.623413e-10,5.120837e-16,2.767628e-08,3.491889e+08
phis,0,0.523599,1.000000e-09,1.517713e-16,8.266198e-08,1.963633e+08
phis,0,0.523599,1.778279e-09,1.349459e-16,4.684386e-08,1.104232e+08
phis,0,0.523599,3.162278e-09,0.000000e+00,3.192513e-08,6.209554e+07
phis,0,0.523599,5.623413e-09,4.267364e-16,9.016523e-09,3.491889e+07
phis,0,0.523599,1.000000e-08,3.794283e-16,2.955212e-09,1.963633e+07
phis,0,0.523599,1.778279e-08,0.000000e+00,1.116752e-08,1.104232e+07
phis,0,0.523599,3.162278e-08,1.499822e-16,7.188014e-09,6.209554e+06
phis,0,0.523599,5.623413e-08,1.333551e-16,1.224898e-09,3.491889e+06
phis,0,0.523599,1.000000e-07,1.185713e-16,1.630979e-09,1.963633e+06
phis,0,0.523599,1.778279e-07,0.000000e+00,1.122644e-09,1.104232e+06
phis,0,0.523599,3.162278e-07,1.874778e-16,5.155878e-10,6.209554e+05
phis,0,0.523599,5.623413e-07,1.666939e-16,2.007547e-10,3.491889e+05
phis,0,0.523599,1.000000e-06,1.482142e-16,1.552804e-10,1.963633e+05
phis,0,0.523599,1.778279e-06,3.953494e-16,3.502519e-11,1.104232e+05
phis,0,0.523599,3.162278e-06,1.171736e-16,2.528841e-12,6.209553e+04
phis,0,0.523599,5.623413e-06,2.083674e-16,1.333135e-12,3.491888e+04
phis,0,0.523599,1.000000e-05,0.000000e+00,4.679679e-12,1.963633e+04
phis,0,0.523599,1.778279e-05,0.000000e+00,3.505763e-12,1.104231e+04
phis,0,0.523599,3.162278e-05,1.464672e-16,2.145451e-12,6.209546e+03
phis,0,0.523599,5.623413e-05,3.906898e-16,1.021654e-12,3.491881e+03
phis,0,0.523599,1.000000e-04,4.631712e-16,1.877349e-12,1.963625e+03
phis,0,0.523599,1.778279e-04,0.000000e+00,9.801441e-13,1.104224e+03
phis,0,0.523599,3.162278e-04,1.830862e-16,3.251610e-13,6.209472e+02
phis,0,0.523599,5.623413e-04,1.627908e-16,1.289303e-13,3.491807e+02
phis,0,0.523599,1.000000e-03,2.894928e-16,1.152182e-13,1.963552e+02
phis,0,0.523599,1.778279e-03,2.574079e-16,1.737503e-14,1.104151e+02
phis,0,0.523599,3.162278e-03,3.433271e-16,1.625082e-14,6.208738e+01
phis,0,0.523599,5.623413e-03,2.035313e-16,2.686613e-14,3.491073e+01
phis,0,0.523599,1.000000e-02,3.620013e-16,2.262508e-14,1.962818e+01
phis,0,0.523599,1.778279e-02,3.219735e-16,8.854272e-15,1.103418e+01
phis,0,0.523599,3.162278e-02,1.432217e-16,3.723763e-15,6.201425e+00
phis,0,0.523599,5.623413e-02,0.000000e+00,2.676938e-15,3.483784e+00
phis,0,0.523599,1.000000e-01,5.677237e-16,4.541790e-16,1.955569e+00
phis,0,0.523599,1.778279e-01,0.000000e+00,4.051025e-16,1.096239e+00
phis,0,0.523599,3.162278e-01,1.810889e-16,7.243554e-16,6.130819e-01
phis,0,0.523599,5.623413e-01,1.625474e-16,1.625474e-16,3.415074e-01
phis,0,0.523599,1.000000e+00,1.468878e-16,1.468878e-16,1.889577e-01
phis,0,1.047198,1.000000e-12,0.000000e+00,6.613644e-05,1.152310e+11
phis,0,1.047198,1.778279e-12,2.354782e-16,4.662259e-05,6.479914e+10
phis,0,1.047198,3.162278e-12,0.000000e+00,3.056858e-05,3.643924e+10
phis,0,1.047198,5.623413e-12,1.861619e-16,1.789310e-05,2.049129e+10
phis,0,1.047198,1.000000e-11,4.965718e-16,7.722773e-06,1.152310e+10
phis,0,1.047198,1.778279e-11,2.943478e-16,5.843652e-07,6.479914e+09
phis,0,1.047198,3.162278e-11,1.308582e-16,1.263343e-06,3.643924e+09
phis,0,1.047198,5.623413e-11,4.654048e-16,5.301585e-07,2.049129e+09
phis,0,1.047198,1.000000e-10,4.138098e-16,5.035734e-07,1.152310e+09
phis,0,1.047198,1.778279e-10,1.839674e-16,2.538162e-07,6.479914e+08
phis,0,1.047198,3.162278e-10,1.635727e-16,3.515349e-07,3.643924e+08
phis,0,1.047198,5.623413e-10,1.454390e-16,2.067708e-07,2.049129e+08
phis,0,1.047198,1.000000e-09,2.586312e-16,8.057421e-08,1.152310e+08
phis,0,1.047198,1.778279e-09,5.748981e-16,4.161816e-08,6.479914e+07
phis,0,1.047198,3.162278e-09,0.000000e+00,3.785407e-08,3.643924e+07
phis,0,1.047198,5.623413e-09,3.635975e-16,2.025725e-08,2.049129e+07
phis,0,1.047198,1.000000e-08,6.465779e-16,3.973883e-09,1.152310e+07
phis,0,1.047198,1.778279e-08,0.000000e+00,1.954370e-10,6.479914e+06
phis,0,1.047198,3.162278e-08,1.277912e-16,2.517847e-09,3.643924e+06
phis,0,1.047198,5.623413e-08,0.000000e+00,2.184213e-09,2.049129e+06
phis,0,1.047198,1.000000e-07,4.041112e-16,1.126621e-09,1.152310e+06
phis,0,1.047198,1.778279e-07,1.796556e-16,1.351258e-10,6.479914e+05
phis,0,1.047198,3.162278e-07,1.597390e-16,4.388573e-11,3.643924e+05
phis,0,1.047198,5.623413e-07,1.420303e-16,1.122002e-10,2.049129e+05
phis,0,1.047198,1.000000e-06,3.788542e-16,6.119696e-11,1.152310e+05
phis,0,1.047198,1.778279e-06,2.245696e-16,2.459767e-11,6.479914e+04
phis,0,1.047198,3.162278e-06,0.000000e+00,3.221137e-11,3.643923e+04
phis,0,1.047198,5.623413e-06,3.550757e-16,1.356425e-11,2.049129e+04
phis,0,1.047198,1.000000e-05,1.578560e-16,5.721174e-12,1.152310e+04
phis,0,1.047198,1.778279e-05,1.403560e-16,1.235133e-14,6.479912e+03
phis,0,1.047198,3.162278e-05,2.495923e-16,1.308363e-12,3.643921e+03
phis,0,1.047198,5.623413e-05,2.219226e-16,3.191247e-13,2.049126e+03
phis,0,1.047198,1.000000e-04,1.973204e-16,7.614594e-13,1.152307e+03
phis,0,1.047198,1.778279e-04,0.000000e+00,2.356236e-13,6.479886e+02
phis,0,1.047198,3.162278e-04,0.000000e+00,2.681577e-13,3.643895e+02
phis,0,1.047198,5.623413e-04,2.774067e-16,1.090208e-13,2.049100e+02
phis,0,1.047198,1.000000e-03,1.233280e-16,1.023622e-14,1.152281e+02
phis,0,1.047198,1.778279e-03,2.193159e-16,5.943461e-14,6.479628e+01
phis,0,1.047198,3.162278e-03,0.000000e+00,3.042143e-14,3.643637e+01
phis,0,1.047198,5.623413e-03,0.000000e+00,7.109441e-15,2.048843e+01
phis,0,1.047198,1.000000e-02,3.083889e-16,5.088416e-15,1.152024e+01
phis,0,1.047198,1.778279e-02,1.371267e-16,8.227604e-16,6.477062e+00
phis,0,1.047198,3.162278e-02,0.000000e+00,2.439324e-16,3.641084e+00
phis,0,1.047198,5.623413e-02,2.170196e-16,1.302117e-15,2.046310e+00
phis,0,1.047198,1.000000e-01,1.931617e-16,0.000000e+00,1.149527e+00
phis,0,1.047198,1.778279e-01,3.441098e-16,5.161648e-16,6.452724e-01
phis,0,1.047198,3.162278e-01,0.000000e+00,1.534387e-16,3.617806e-01
phis,0,1.047198,5.623413e-01,0.000000e+00,5.483285e-16,2.024741e-01
phis,0,1.047198,1.000000e+00,2.455305e-16,1.227652e-16,1.130433e-01
phis,0,1.570796,1.000000e-12,0.000000e+00,8.889268e-05,1.000000e+11
phis,0,1.570796,1.778279e-12,1.356720e-16,4.264098e-05,5.623413e+10
phis,0,1.570796,3.162278e-12,0.000000e+00,2.580452e-05,3.162278e+10
phis,0,1.570796,5.623413e-12,2.145162e-16,1.572195e-05,1.778279e+10
phis,0,1.570796,1.000000e-11,0.000000e+00,8.274036e-08,1.000000e+10
phis,0,1.570796,1.778279e-11,1.695899e-16,5.183312e-06,5.623413e+09
phis,0,1.570796,3.162278e-11,1.507891e-16,2.281484e-06,3.162278e+09
phis,0,1.570796,5.623413e-11,1.340726e-16,7.209396e-08,1.778279e+09
phis,0,1.570796,1.000000e-10,1.192093e-16,8.274036e-08,1.000000e+09
phis,0,1.570796,1.778279e-10,4.239749e-16,1.887442e-07,5.623413e+08
phis,0,1.570796,3.162278e-10,3.769729e-16,1.749783e-07,3.162278e+08
phis,0,1.570796,5.623413e-10,0.000000e+00,7.209396e-08,1.778279e+08
phis,0,1.570796,1.000000e-09,1.490116e-16,8.274036e-08,1.000000e+08
phis,0,1.570796,1.778279e-09,0.000000e+00,6.098549e-08,5.623413e+07
phis,0,1.570796,3.162278e-09,3.534121e-16,3.454494e-08,3.162278e+07
phis,0,1.570796,5.623413e-09,2.094885e-16,6.877512e-09,1.778279e+07
phis,0,1.570796,1.000000e-08,3.725290e-16,6.077471e-09,1.000000e+07
phis,0,1.570796,1.778279e-08,1.656152e-16,1.446944e-09,5.623413e+06
phis,0,1.570796,3.162278e-08,1.472550e-16,5.633932e-10,3.162278e+06
phis,0,1.570796,5.623413e-08,1.309303e-16,1.019635e-09,1.778279e+06
phis,0,1.570796,1.000000e-07,2.328306e-16,5.838674e-10,1.000000e+06
phis,0,1.570796,1.778279e-07,0.000000e+00,1.982958e-10,5.623413e+05
phis,0,1.570796,3.162278e-07,0.000000e+00,1.387730e-10,3.162278e+05
phis,0,1.570796,5.623413e-07,1.636629e-16,1.649370e-10,1.778279e+05
phis,0,1.570796,1.000000e-06,1.455192e-16,8.226663e-11,1.000000e+05
phis,0,1.570796,1.778279e-06,2.587737e-16,5.143399e-11,5.623413e+04
phis,0,1.570796,3.162278e-06,3.451290e-16,1.660415e-12,3.162278e+04
phis,0,1.570796,5.623413e-06,2.045786e-16,6.994133e-12,1.778279e+04
phis,0,1.570796,1.000000e-05,1.818989e-16,6.551090e-12,1.000000e+04
phis,0,1.570796,1.778279e-05,3.234671e-16,1.488111e-12,5.623413e+03
phis,0,1.570796,3.162278e-05,2.876075e-16,1.660214e-12,3.162278e+03
phis,0,1.570796,5.623413e-05,1.278616e-16,9.028309e-13,1.778279e+03
phis,0,1.570796,1.000000e-04,2.273737e-16,1.099352e-13,1.000000e+03
phis,0,1.570796,1.778279e-04,2.021670e-16,2.397700e-13,5.623413e+02
phis,0,1.570796,3.162278e-04,0.000000e+00,2.561504e-13,3.162278e+02
phis,0,1.570796,5.623413e-04,3.196540e-16,1.129977e-13,1.778279e+02
phis,0,1.570796,1.000000e-03,1.421085e-16,1.104183e-13,1.000000e+02
phis,0,1.570796,1.778279e-03,3.790630e-16,1.036106e-14,5.623413e+01
phis,0,1.570796,3.162278e-03,3.370400e-16,2.539035e-14,3.162278e+01
phis,0,1.570796,5.623413e-03,1.997837e-16,5.194377e-15,1.778280e+01
phis,0,1.570796,1.000000e-02,7.105421e-16,7.105421e-16,1.000001e+01
phis,0,1.570796,1.778279e-02,3.158850e-16,2.685023e-15,5.623429e+00
phis,0,1.570796,3.162278e-02,1.404321e-16,3.089507e-15,3.162305e+00
phis,0,1.570796,5.623413e-02,3.745842e-16,9.988913e-16,1.778328e+00
phis,0,1.570796,1.000000e-01,0.000000e+00,8.881010e-16,1.000087e+00
phis,0,1.570796,1.778279e-01,1.973742e-16,1.973742e-16,5.624964e-01
phis,0,1.570796,3.162278e-01,1.753887e-16,1.753887e-16,3.165036e-01
phis,0,1.570796,5.623413e-01,1.556517e-16,4.669552e-16,1.783184e-01
phis,0,1.570796,1.000000e+00,0.000000e+00,0.000000e+00,1.008722e-01
phis,0,2.094395,1.000000e-12,2.648383e-16,6.613644e-05,1.152310e+11
phis,0,2.094395,1.778279e-12,1.177391e-16,4.662259e-05,6.479914e+10
phis,0,2.094395,3.162278e-12,0.000000e+00,3.056858e-05,3.643924e+10
phis,0,2.094395,5.623413e-12,0.000000e+00,1.789310e-05,2.049129e+10
phis,0,2.094395,1.000000e-11,0.000000e+00,7.722773e-06,1.152310e+10
phis,0,2.094395,1.778279e-11,1.471739e-16,5.843652e-07,6.479914e+09
phis,0,2.094395,3.162278e-11,0.000000e+00,1.263343e-06,3.643924e+09
phis,0,2.094395,5.623413e-11,2.327024e-16,5.301585e-07,2.049129e+09
phis,0,2.094395,1.000000e-10,4.138098e-16,5.035734e-07,1.152310e+09
phis,0,2.094395,1.778279e-10,0.000000e+00,2.538162e-07,6.479914e+08
phis,0,2.094395,3.162278e-10,6.542908e-16,3.515349e-07,3.643924e+08
phis,0,2.094395,5.623413e-10,2.908780e-16,2.067708e-07,2.049129e+08
phis,0,2.094395,1.000000e-09,1.293156e-16,8.057421e-08,1.152310e+08
phis,0,2.094395,1.778279e-09,0.000000e+00,4.161816e-08,6.479914e+07
phis,0,2.094395,3.162278e-09,2.044659e-16,3.785407e-08,3.643924e+07
phis,0,2.094395,5.623413e-09,3.635975e-16,2.025725e-08,2.049129e+07
phis,0,2.094395,1.000000e-08,3.232889e-16,3.973882e-09,1.152310e+07
phis,0,2.094395,1.778279e-08,2.874490e-16,1.954366e-10,6.479914e+06
phis,0,2.094395,3.162278e-08,0.000000e+00,2.517847e-09,3.643924e+06
phis,0,2.094395,5.623413e-08,2.272484e-16,2.184213e-09,2.049129e+06
phis,0,2.094395,1.000000e-07,2.020556e-16,1.126622e-09,1.152310e+06
phis,0,2.094395,1.778279e-07,1.796556e-16,1.351258e-10,6.479915e+05
phis,0,2.094395,3.162278e-07,4.792169e-16,4.388525e-11,3.643924e+05
phis,0,2.094395,5.623413e-07,0.000000e+00,1.122001e-10,2.049129e+05
phis,0,2.094395,1.000000e-06,1.262847e-16,6.119670e-11,1.152310e+05
phis,0,2.094395,1.778279e-06,2.245695e-16,2.459789e-11,6.479915e+04
phis,0,2.094395,3.162278e-06,1.996737e-16,3.221176e-11,3.643924e+04
phis,0,2.094395,5.623413e-06,3.550756e-16,1.356389e-11,2.049129e+04
phis,0,2.094395,1.000000e-05,6.314236e-16,5.721171e-12,1.152310e+04
phis,0,2.094395,1.778279e-05,1.403559e-16,1.207061e-14,6.479917e+03
phis,0,2.094395,3.162278e-05,0.000000e+00,1.308111e-12,3.643927e+03
phis,0,2.094395,5.623413e-05,2.219220e-16,3.189019e-13,2.049132e+03
phis,0,2.094395,1.000000e-04,1.973194e-16,7.612583e-13,1.152313e+03
phis,0,2.094395,1.778279e-04,3.508884e-16,2.352707e-13,6.479943e+02
phis,0,2.094395,3.162278e-04,0.000000e+00,2.684654e-13,3.643952e+02
phis,0,2.094395,5.623413e-04,2.773990e-16,1.091565e-13,2.049158e+02
phis,0,2.094395,1.000000e-03,2.466437e-16,9.865750e-15,1.152339e+02
phis,0,2.094395,1.778279e-03,2.192965e-16,5.899076e-14,6.480201e+01
phis,0,2.094395,3.162278e-03,0.000000e+00,3.041665e-14,3.644211e+01
phis,0,2.094395,5.623413e-03,5.200574e-16,7.454157e-15,2.049416e+01
phis,0,2.094395,1.000000e-02,3.082354e-16,4.931767e-15,1.152597e+01
phis,0,2.094395,1.778279e-02,1.370054e-16,8.220326e-16,6.482797e+00
phis,0,2.094395,3.162278e-02,4.870976e-16,4.870976e-16,3.646819e+00
phis,0,2.094395,5.623413e-02,2.164129e-16,1.082065e-15,2.052046e+00
phis,0,2.094395,1.000000e-01,1.922022e-16,0.000000e+00,1.155266e+00
phis,0,2.094395,1.778279e-01,5.116084e-16,6.821446e-16,6.510192e-01
phis,0,2.094395,3.162278e-01,1.510289e-16,4.530868e-16,3.675531e-01
phis,0,2.094395,5.623413e-01,3.996905e-16,5.329207e-16,2.083280e-01
phis,0,2.094395,1.000000e+00,3.494057e-16,0.000000e+00,1.191548e-01
phis,0,2.617994,1.000000e-12,0.000000e+00,1.205130e-04,1.963633e+11
phis,0,2.617994,1.778279e-12,4.145538e-16,7.771499e-05,1.104232e+11
phis,0,2.617994,3.162278e-12,3.685963e-16,3.184163e-05,6.209554e+10
phis,0,2.617994,5.623413e-12,0.000000e+00,2.071795e-05,3.491889e+10
phis,0,2.617994,1.000000e-11,1.942673e-16,2.060836e-06,1.963633e+10
phis,0,2.617994,1.778279e-11,3.454615e-16,5.490077e-06,1.104232e+10
phis,0,2.617994,3.162278e-11,1.535818e-16,2.244641e-06,6.209554e+09
phis,0,2.617994,5.623413e-11,1.365557e-16,2.352104e-07,3.491889e+09
phis,0,2.617994,1.000000e-10,1.214171e-16,1.565777e-07,1.963633e+09
phis,0,2.617994,1.778279e-10,0.000000e+00,6.918925e-08,1.104232e+09
phis,0,2.617994,3.162278e-10,1.919772e-16,4.628170e-07,6.209554e+08
phis,0,2.617994,5.623413e-10,8.534729e-16,2.767628e-08,3.491889e+08
phis,0,2.617994,1.000000e-09,0.000000e+00,8.266198e-08,1.963633e+08
phis,0,2.617994,1.778279e-09,0.000000e+00,4.684386e-08,1.104232e+08
phis,0,2.617994,3.162278e-09,0.000000e+00,3.192513e-08,6.209554e+07
phis,0,2.617994,5.623413e-09,4.267364e-16,9.016523e-09,3.491889e+07
phis,0,2.617994,1.000000e-08,1.897142e-16,2.955212e-09,1.963633e+07
phis,0,2.617994,1.778279e-08,1.686824e-16,1.116752e-08,1.104232e+07
phis,0,2.617994,3.162278e-08,2.999644e-16,7.188014e-09,6.209554e+06
phis,0,2.617994,5.623413e-08,0.000000e+00,1.224897e-09,3.491889e+06
phis,0,2.617994,1.000000e-07,0.000000e+00,1.630979e-09,1.963633e+06
phis,0,2.617994,1.778279e-07,4.217060e-16,1.122644e-09,1.104232e+06
phis,0,2.617994,3.162278e-07,3.749555e-16,5.155878e-10,6.209554e+05
phis,0,2.617994,5.623413e-07,0.000000e+00,2.007548e-10,3.491889e+05
phis,0,2.617994,1.000000e-06,1.482142e-16,1.552804e-10,1.963633e+05
phis,0,2.617994,1.778279e-06,1.317831e-16,3.502492e-11,1.104232e+05
phis,0,2.617994,3.162278e-06,0.000000e+00,2.528957e-12,6.209555e+04
phis,0,2.617994,5.623413e-06,4.167347e-16,1.333343e-12,3.491890e+04
phis,0,2.617994,1.000000e-05,0.000000e+00,4.679676e-12,1.963634e+04
phis,0,2.617994,1.778279e-05,1.647288e-16,3.505593e-12,1.104233e+04
phis,0,2.617994,3.162278e-05,1.464668e-16,2.145153e-12,6.209562e+03
phis,0,2.617994,5.623413e-05,3.906880e-16,1.021649e-12,3.491897e+03
phis,0,2.617994,1.000000e-04,4.631674e-16,1.877449e-12,1.963641e+03
phis,0,2.617994,1.778279e-04,2.059096e-16,9.801297e-13,1.104240e+03
phis,0,2.617994,3.162278e-04,1.830813e-16,3.246032e-13,6.209635e+02
phis,0,2.617994,5.623413e-04,0.000000e+00,1.292499e-13,3.491970e+02
phis,0,2.617994,1.000000e-03,2.894688e-16,1.150638e-13,1.963715e+02
phis,0,2.617994,1.778279e-03,2.573699e-16,1.750115e-14,1.104314e+02
phis,0,2.617994,3.162278e-03,2.288246e-16,1.658978e-14,6.210370e+01
phis,0,2.617994,5.623413e-03,2.034362e-16,2.685358e-14,3.492705e+01
phis,0,2.617994,1.000000e-02,1.808503e-16,2.242543e-14,1.964450e+01
phis,0,2.617994,1.778279e-02,6.429961e-16,9.001946e-15,1.105050e+01
phis,0,2.617994,3.162278e-02,2.856915e-16,3.713990e-15,6.217744e+00
phis,0,2.617994,5.623413e-02,0.000000e+00,2.410699e-15,3.500103e+00
phis,0,2.617994,1.000000e-01,3.378146e-16,7.882340e-16,1.971892e+00
phis,0,2.617994,1.778279e-01,1.995779e-16,3.991557e-16,1.112571e+00
phis,0,2.617994,3.162278e-01,1.763815e-16,5.291445e-16,6.294441e-01
phis,0,2.617994,5.623413e-01,4.652235e-16,3.101490e-16,3.579644e-01
phis,0,2.617994,1.000000e+00,1.349227e-16,1.349227e-16,2.057146e-01
phis,0,3.141593,1.000000e-12,1.362660e-16,8.889268e-05,8.958236e+11
phis,0,3.141593,1.778279e-12,2.423190e-16,8.222882e-05,5.037587e+11
phis,0,3.141593,3.162278e-12,2.154555e-16,1.146413e-04,2.832843e+11
phis,0,3.141593,5.623413e-12,0.000000e+00,9.468470e-05,1.593025e+11
phis,0,3.141593,1.000000e-11,5.109975e-16,8.874298e-05,8.958236e+10
phis,0,3.141593,1.778279e-11,3.028988e-16,1.766951e-05,5.037587e+10
phis,0,3.141593,3.162278e-11,1.346597e-16,2.281484e-06,2.832843e+10
phis,0,3.141593,5.623413e-11,2.394625e-16,7.209396e-08,1.593025e+10
phis,0,3.141593,1.000000e-10,2.129156e-16,8.274036e-08,8.958236e+09
phis,0,3.141593,1.778279e-10,1.893117e-16,2.308558e-06,5.037587e+09
phis,0,3.141593,3.162278e-10,1.683246e-16,2.281484e-06,2.832843e+09
phis,0,3.141593,5.623413e-10,2.993282e-16,7.209396e-08,1.593025e+09
phis,0,3.141593,1.000000e-09,5.322891e-16,8.274036e-08,8.958236e+08
phis,0,3.141593,1.778279e-09,1.183198e-16,3.107153e-07,5.037587e+08
phis,0,3.141593,3.162278e-09,2.104057e-16,3.454494e-08,2.832843e+08
phis,0,3.141593,5.623413e-09,3.741602e-16,7.209396e-08,1.593025e+08
phis,0,3.141593,1.000000e-08,4.990210e-16,8.274036e-08,8.958236e+07
phis,0,3.141593,1.778279e-08,4.436994e-16,1.103954e-08,5.037587e+07
phis,0,3.141593,3.162278e-08,0.000000e+00,2.162839e-08,2.832843e+07
phis,0,3.141593,5.623413e-08,0.000000e+00,8.916782e-09,1.593025e+07
phis,0,3.141593,1.000000e-07,2.079254e-16,6.077471e-09,8.958236e+06
phis,0,3.141593,1.778279e-07,0.000000e+00,1.050353e-09,5.037587e+06
phis,0,3.141593,3.162278e-07,1.643795e-16,8.409401e-10,2.832843e+06
phis,0,3.141593,5.623413e-07,2.923127e-16,5.597942e-10,1.593025e+06
phis,0,3.141593,1.000000e-06,0.000000e+00,7.484011e-10,8.958236e+05
phis,0,3.141593,1.778279e-06,0.000000e+00,5.143412e-11,5.037586e+05
phis,0,3.141593,3.162278e-06,4.109487e-16,2.792068e-10,2.832843e+05
phis,0,3.141593,5.623413e-06,3.653908e-16,7.197743e-11,1.593025e+05
phis,0,3.141593,1.000000e-05,4.873253e-16,3.785786e-11,8.958236e+04
phis,0,3.141593,1.778279e-05,1.444334e-16,4.845756e-11,5.037586e+04
phis,0,3.141593,3.162278e-05,5.136860e-16,1.659719e-12,2.832843e+04
phis,0,3.141593,5.623413e-05,5.709233e-16,8.799984e-12,1.593024e+04
phis,0,3.141593,1.000000e-04,2.030523e-16,2.330634e-12,8.958231e+03
phis,0,3.141593,1.778279e-04,5.416258e-16,1.488388e-12,5.037581e+03
phis,0,3.141593,3.162278e-04,0.000000e+00,1.659690e-12,2.832838e+03
phis,0,3.141593,5.623413e-04,1.427313e-16,6.764035e-13,1.593019e+03
phis,0,3.141593,1.000000e-03,2.538168e-16,5.542089e-13,8.958182e+02
phis,0,3.141593,1.778279e-03,4.513593e-16,4.894991e-13,5.037532e+02
phis,0,3.141593,3.162278e-03,0.000000e+00,2.508280e-14,2.832789e+02
phis,0,3.141593,5.623413e-03,1.784196e-16,4.442648e-14,1.592970e+02
phis,0,3.141593,1.000000e-02,3.172883e-16,2.157560e-14,8.957692e+01
phis,0,3.141593,1.778279e-02,1.410635e-16,9.733380e-15,5.037043e+01
phis,0,3.141593,3.162278e-02,6.271784e-16,2.508713e-14,2.832299e+01
phis,0,3.141593,5.623413e-02,0.000000e+00,1.271630e-14,1.592481e+01
phis,0,3.141593,1.000000e-01,1.984134e-16,3.968268e-15,8.952806e+00
phis,0,3.141593,1.778279e-01,1.765002e-16,3.530005e-16,5.032166e+00
phis,0,3.141593,3.162278e-01,3.141282e-16,2.984218e-15,2.827439e+00
phis,0,3.141593,5.623413e-01,0.000000e+00,2.797146e-16,1.587651e+00
phis,0,3.141593,1.000000e+00,2.493464e-16,2.493464e-16,8.905067e-01
phis,0,3.665191,1.000000e-12,1.554138e-16,1.205130e-04,1.963633e+11
phis,0,3.665191,1.778279e-12,2.763692e-16,7.771499e-05,1.104232e+11
phis,0,3.665191,3.162278e-12,6.143271e-16,3.184163e-05,6.209554e+10
phis,0,3.665191,5.623413e-12,2.184891e-16,2.071795e-05,3.491889e+10
phis,0,3.665191,1.000000e-11,1.942673e-16,2.060836e-06,1.963633e+10
phis,0,3.665191,1.778279e-11,0.000000e+00,5.490077e-06,1.104232e+10
phis,0,3.665191,3.162278e-11,3.071636e-16,2.244641e-06,6.209554e+09
phis,0,3.665191,5.623413e-11,4.096670e-16,2.352104e-07,3.491889e+09
phis,0,3.665191,1.000000e-10,1.214171e-16,1.565777e-07,1.963633e+09
phis,0,3.665191,1.778279e-10,0.000000e+00,6.918925e-08,1.104232e+09
phis,0,3.665191,3.162278e-10,3.839544e-16,4.628170e-07,6.209554e+08
phis,0,3.665191,5.623413e-10,1.706946e-16,2.767628e-08,3.491889e+08
phis,0,3.665191,1.000000e-09,1.517713e-16,8.266198e-08,1.963633e+08
phis,0,3.665191,1.778279e-09,2.698918e-16,4.684386e-08,1.104232e+08
phis,0,3.665191,3.162278e-09,1.199858e-16,3.192513e-08,6.209554e+07
phis,0,3.665191,5.623413e-09,2.133682e-16,9.016523e-09,3.491889e+07
phis,0,3.665191,1.000000e-08,1.897142e-16,2.955211e-09,1.963633e+07
phis,0,3.665191,1.778279e-08,6.747295e-16,1.116752e-08,1.104232e+07
phis,0,3.665191,3.162278e-08,1.499822e-16,7.188014e-09,6.209554e+06
phis,0,3.665191,5.623413e-08,4.000654e-16,1.224897e-09,3.491889e+06
phis,0,3.665191,1.000000e-07,1.185713e-16,1.630979e-09,1.963633e+06
phis,0,3.665191,1.778279e-07,2.108530e-16,1.122644e-09,1.104232e+06
phis,0,3.665191,3.162278e-07,1.874778e-16,5.155880e-10,6.209554e+05
phis,0,3.665191,5.623413e-07,3.333878e-16,2.007545e-10,3.491889e+05
phis,0,3.665191,1.000000e-06,2.964283e-16,1.552807e-10,1.963633e+05
phis,0,3.665191,1.778279e-06,2.635662e-16,3.502439e-11,1.104232e+05
phis,0,3.665191,3.162278e-06,0.000000e+00,2.528606e-12,6.209555e+04
phis,0,3.665191,5.623413e-06,0.000000e+00,1.333968e-12,3.491890e+04
phis,0,3.665191,1.000000e-05,1.852676e-16,4.680046e-12,1.963634e+04
phis,0,3.665191,1.778279e-05,1.647288e-16,3.505263e-12,1.104233e+04
phis,0,3.665191,3.162278e-05,4.394004e-16,2.145592e-12,6.209562e+03
phis,0,3.665191,5.623413e-05,5.209173e-16,1.021128e-12,3.491897e+03
phis,0,3.665191,1.000000e-04,5.789592e-16,1.877796e-12,1.963641e+03
phis,0,3.665191,1.778279e-04,4.118192e-16,9.807474e-13,1.104240e+03
phis,0,3.665191,3.162278e-04,3.661627e-16,3.249694e-13,6.209635e+02
phis,0,3.665191,5.623413e-04,1.627832e-16,1.287615e-13,3.491970e+02
phis,0,3.665191,1.000000e-03,2.894688e-16,1.146296e-13,1.963715e+02
phis,0,3.665191,1.778279e-03,2.573699e-16,1.788721e-14,1.104314e+02
phis,0,3.665191,3.162278e-03,1.144123e-16,1.613213e-14,6.210370e+01
phis,0,3.665191,5.623413e-03,2.034362e-16,2.624327e-14,3.492705e+01
phis,0,3.665191,1.000000e-02,0.000000e+00,2.206373e-14,1.964450e+01
phis,0,3.665191,1.778279e-02,3.214981e-16,9.323444e-15,1.105050e+01
phis,0,3.665191,3.162278e-02,0.000000e+00,3.999682e-15,6.217744e+00
phis,0,3.665191,5.623413e-02,2.537578e-16,2.030062e-15,3.500103e+00
phis,0,3.665191,1.000000e-01,1.126049e-16,1.126049e-15,1.971892e+00
phis,0,3.665191,1.778279e-01,3.991557e-16,7.983115e-16,1.112571e+00
phis,0,3.665191,3.162278e-01,3.527630e-16,8.819076e-16,6.294441e-01
phis,0,3.665191,5.623413e-01,1.550745e-16,7.753724e-16,3.579644e-01
phis,0,3.665191,1.000000e+00,5.396909e-16,4.047682e-16,2.057146e-01
phis,0,4.188790,1.000000e-12,3.972574e-16,6.613644e-05,1.152310e+11
phis,0,4.188790,1.778279e-12,2.354782e-16,4.662259e-05,6.479914e+10
phis,0,4.188790,3.162278e-12,4.187461e-16,3.056858e-05,3.643924e+10
phis,0,4.188790,5.623413e-12,0.000000e+00,1.789310e-05,2.049129e+10
phis,0,4.188790,1.000000e-11,0.000000e+00,7.722773e-06,1.152310e+10
phis,0,4.188790,1.778279e-11,0.000000e+00,5.843652e-07,6.479914e+09
phis,0,4.188790,3.162278e-11,3.925745e-16,1.263343e-06,3.643924e+09
phis,0,4.188790,5.623413e-11,1.163512e-16,5.301585e-07,2.049129e+09
phis,0,4.188790,1.000000e-10,2.069049e-16,5.035734e-07,1.152310e+09
phis,0,4.188790,1.778279e-10,0.000000e+00,2.538162e-07,6.479914e+08
phis,0,4.188790,3.162278e-10,1.635727e-16,3.515349e-07,3.643924e+08
phis,0,4.188790,5.623413e-10,1.454390e-16,2.067708e-07,2.049129e+08
phis,0,4.188790,1.000000e-09,0.000000e+00,8.057421e-08,1.152310e+08
phis,0,4.188790,1.778279e-09,2.299592e-16,4.161816e-08,6.479914e+07
phis,0,4.188790,3.162278e-09,0.000000e+00,3.785407e-08,3.643924e+07
phis,0,4.188790,5.623413e-09,1.817987e-16,2.025725e-08,2.049129e+07
phis,0,4.188790,1.000000e-08,3.232889e-16,3.973883e-09,1.152310e+07
phis,0,4.188790,1.778279e-08,1.437245e-16,1.954370e-10,6.479914e+06
phis,0,4.188790,3.162278e-08,5.111647e-16,2.517847e-09,3.643924e+06
phis,0,4.188790,5.623413e-08,1.136242e-16,2.184213e-09,2.049129e+06
phis,0,4.188790,1.000000e-07,0.000000e+00,1.126622e-09,1.152310e+06
phis,0,4.188790,1.778279e-07,1.796556e-16,1.351255e-10,6.479915e+05
phis,0,4.188790,3.162278e-07,1.597390e-16,4.388573e-11,3.643924e+05
phis,0,4.188790,5.623413e-07,1.420303e-16,1.122002e-10,2.049129e+05
phis,0,4.188790,1.000000e-06,0.000000e+00,6.119695e-11,1.152310e+05
phis,0,4.188790,1.778279e-06,2.245695e-16,2.459755e-11,6.479915e+04
phis,0,4.188790,3.162278e-06,3.993474e-16,3.221136e-11,3.643924e+04
phis,0,4.188790,5.623413e-06,1.775378e-16,1.356353e-11,2.049129e+04
phis,0,4.188790,1.000000e-05,4.735677e-16,5.721487e-12,1.152310e+04
phis,0,4.188790,1.778279e-05,1.403559e-16,1.193025e-14,6.479917e+03
phis,0,4.188790,3.162278e-05,1.247960e-16,1.307987e-12,3.643927e+03
phis,0,4.188790,5.623413e-05,0.000000e+00,3.191238e-13,2.049132e+03
phis,0,4.188790,1.000000e-04,1.973194e-16,7.614556e-13,1.152313e+03
phis,0,4.188790,1.778279e-04,1.754442e-16,2.354461e-13,6.479943e+02
phis,0,4.188790,3.162278e-04,1.559939e-16,2.679974e-13,3.643952e+02
phis,0,4.188790,5.623413e-04,1.386995e-16,1.090178e-13,2.049158e+02
phis,0,4.188790,1.000000e-03,3.699656e-16,1.011239e-14,1.152339e+02
phis,0,4.188790,1.778279e-03,2.192965e-16,5.921005e-14,6.480201e+01
phis,0,4.188790,3.162278e-03,5.849355e-16,3.041665e-14,3.644211e+01
phis,0,4.188790,5.623413e-03,1.733525e-16,7.107452e-15,2.049416e+01
phis,0,4.188790,1.000000e-02,1.541177e-16,5.240002e-15,1.152597e+01
phis,0,4.188790,1.778279e-02,6.850271e-16,5.480217e-16,6.482797e+00
phis,0,4.188790,3.162278e-02,1.217744e-16,2.435488e-16,3.646819e+00
phis,0,4.188790,5.623413e-02,2.164129e-16,1.514890e-15,2.052046e+00
phis,0,4.188790,1.000000e-01,1.922022e-16,1.922022e-16,1.155266e+00
phis,0,4.188790,1.778279e-01,3.410723e-16,5.116084e-16,6.510192e-01
phis,0,4.188790,3.162278e-01,1.510289e-16,4.530868e-16,3.675531e-01
phis,0,4.188790,5.623413e-01,2.664603e-16,1.332302e-16,2.083280e-01
phis,0,4.188790,1.000000e+00,2.329371e-16,2.329371e-16,1.191548e-01
phis,0,4.712389,1.000000e-12,0.000000e+00,8.889268e-05,1.000000e+11
phis,0,4.712389,1.778279e-12,1.356720e-16,4.264098e-05,5.623413e+10
phis,0,4.712389,3.162278e-12,0.000000e+00,2.580452e-05,3.162278e+10
phis,0,4.712389,5.623413e-12,2.145162e-16,1.572195e-05,1.778279e+10
phis,0,4.712389,1.000000e-11,0.000000e+00,8.274036e-08,1.000000e+10
phis,0,4.712389,1.778279e-11,1.695899e-16,5.183312e-06,5.623413e+09
phis,0,4.712389,3.162278e-11,1.507891e-16,2.281484e-06,3.162278e+09
phis,0,4.712389,5.623413e-11,1.340726e-16,7.209396e-08,1.778279e+09
phis,0,4.712389,1.000000e-10,1.192093e-16,8.274036e-08,1.000000e+09
phis,0,4.712389,1.778279e-10,4.239749e-16,1.887442e-07,5.623413e+08
phis,0,4.712389,3.162278e-10,3.769729e-16,1.749783e-07,3.162278e+08
phis,0,4.712389,5.623413e-10,0.000000e+00,7.209396e-08,1.778279e+08
phis,0,4.712389,1.000000e-09,1.490116e-16,8.274036e-08,1.000000e+08
phis,0,4.712389,1.778279e-09,0.000000e+00,6.098549e-08,5.623413e+07
phis,0,4.712389,3.162278e-09,3.534121e-16,3.454494e-08,3.162278e+07
phis,0,4.712389,5.623413e-09,2.094885e-16,6.877512e-09,1.778279e+07
phis,0,4.712389,1.000000e-08,3.725290e-16,6.077471e-09,1.000000e+07
phis,0,4.712389,1.778279e-08,1.656152e-16,1.446944e-09,5.623413e+06
phis,0,4.712389,3.162278e-08,1.472550e-16,5.633932e-10,3.162278e+06
phis,0,4.712389,5.623413e-08,1.309303e-16,1.019635e-09,1.778279e+06
phis,0,4.712389,1.000000e-07,2.328306e-16,5.838674e-10,1.000000e+06
phis,0,4.712389,1.778279e-07,0.000000e+00,1.982958e-10,5.623413e+05
phis,0,4.712389,3.162278e-07,0.000000e+00,1.387730e-10,3.162278e+05
phis,0,4.712389,5.623413e-07,1.636629e-16,1.649370e-10,1.778279e+05
phis,0,4.712389,1.000000e-06,1.455192e-16,8.226663e-11,1.000000e+05
phis,0,4.712389,1.778279e-06,2.587737e-16,5.143399e-11,5.623413e+04
phis,0,4.712389,3.162278e-06,3.451290e-16,1.660415e-12,3.162278e+04
phis,0,4.712389,5.623413e-06,2.045786e-16,6.994133e-12,1.778279e+04
phis,0,4.712389,1.000000e-05,1.818989e-16,6.551090e-12,1.000000e+04
phis,0,4.712389,1.778279e-05,3.234671e-16,1.488111e-12,5.623413e+03
phis,0,4.712389,3.162278e-05,2.876075e-16,1.660214e-12,3.162278e+03
phis,0,4.712389,5.623413e-05,1.278616e-16,9.028309e-13,1.778279e+03
phis,0,4.712389,1.000000e-04,2.273737e-16,1.099352e-13,1.000000e+03
phis,0,4.712389,1.778279e-04,2.021670e-16,2.397700e-13,5.623413e+02
phis,0,4.712389,3.162278e-04,0.000000e+00,2.561504e-13,3.162278e+02
phis,0,4.712389,5.623413e-04,3.196540e-16,1.129977e-13,1.778279e+02
phis,0,4.712389,1.000000e-03,1.421085e-16,1.104183e-13,1.000000e+02
phis,0,4.712389,1.778279e-03,3.790630e-16,1.036106e-14,5.623413e+01
phis,0,4.712389,3.162278e-03,3.370400e-16,2.539035e-14,3.162278e+01
phis,0,4.712389,5.623413e-03,1.997837e-16,5.194377e-15,1.778280e+01
phis,0,4.712389,1.000000e-02,7.105421e-16,7.105421e-16,1.000001e+01
phis,0,4.712389,1.778279e-02,3.158850e-16,2.685023e-15,5.623429e+00
phis,0,4.712389,3.162278e-02,1.404321e-16,3.089507e-15,3.162305e+00
phis,0,4.712389,5.623413e-02,3.745842e-16,9.988913e-16,1.778328e+00
phis,0,4.712389,1.000000e-01,0.000000e+00,8.881010e-16,1.000087e+00
phis,0,4.712389,1.778279e-01,1.973742e-16,1.973742e-16,5.624964e-01
phis,0,4.712389,3.162278e-01,1.753887e-16,1.753887e-16,3.165036e-01
phis,0,4.712389,5.623413e-01,1.556517e-16,1.556517e-16,1.783184e-01
phis,0,4.712389,1.000000e+00,0.000000e+00,0.000000e+00,1.008722e-01
phis,0,5.235988,1.000000e-12,0.000000e+00,6.613644e-05,1.152310e+11
phis,0,5.235988,1.778279e-12,2.354782e-16,4.662259e-05,6.479914e+10
phis,0,5.235988,3.162278e-12,0.000000e+00,3.056858e-05,3.643924e+10
phis,0,5.235988,5.623413e-12,1.861619e-16,1.789310e-05,2.049129e+10
phis,0,5.235988,1.000000e-11,4.965718e-16,7.722773e-06,1.152310e+10
phis,0,5.235988,1.778279e-11,2.943478e-16,5.843652e-07,6.479914e+09
phis,0,5.235988,3.162278e-11,1.308582e-16,1.263343e-06,3.643924e+09
phis,0,5.235988,5.623413e-11,4.654048e-16,5.301585e-07,2.049129e+09
phis,0,5.235988,1.000000e-10,4.138098e-16,5.035734e-07,1.152310e+09
phis,0,5.235988,1.778279e-10,1.839674e-16,2.538162e-07,6.479914e+08
phis,0,5.235988,3.162278e-10,1.635727e-16,3.515349e-07,3.643924e+08
phis,0,5.235988,5.623413e-10,1.454390e-16,2.067708e-07,2.049129e+08
phis,0,5.235988,1.000000e-09,2.586312e-16,8.057421e-08,1.152310e+08
phis,0,5.235988,1.778279e-09,5.748981e-16,4.161816e-08,6.479914e+07
phis,0,5.235988,3.162278e-09,0.000000e+00,3.785407e-08,3.643924e+07
phis,0,5.235988,5.623413e-09,3.635975e-16,2.025725e-08,2.049129e+07
phis,0,5.235988,1.000000e-08,6.465779e-16,3.973883e-09,1.152310e+07
phis,0,5.235988,1.778279e-08,0.000000e+00,1.954370e-10,6.479914e+06
phis,0,5.235988,3.162278e-08,1.277912e-16,2.517847e-09,3.643924e+06
phis,0,5.235988,5.623413e-08,0.000000e+00,2.184213e-09,2.049129e+06
phis,0,5.235988,1.000000e-07,4.041112e-16,1.126621e-09,1.152310e+06
phis,0,5.235988,1.778279e-07,1.796556e-16,1.351258e-10,6.479914e+05
phis,0,5.235988,3.162278e-07,1.597390e-16,4.388573e-11,3.643924e+05
phis,0,5.235988,5.623413e-07,1.420303e-16,1.122002e-10,2.049129e+05
phis,0,5.235988,1.000000e-06,3.788542e-16,6.119696e-11,1.152310e+05
phis,0,5.235988,1.778279e-06,2.245696e-16,2.459767e-11,6.479914e+04
phis,0,5.235988,3.162278e-06,0.000000e+00,3.221137e-11,3.643923e+04
phis,0,5.235988,5.623413e-06,3.550757e-16,1.356425e-11,2.049129e+04
phis,0,5.235988,1.000000e-05,1.578560e-16,5.721174e-12,1.152310e+04
phis,0,5.235988,1.778279e-05,1.403560e-16,1.235133e-14,6.479912e+03
phis,0,5.235988,3.162278e-05,2.495923e-16,1.308363e-12,3.643921e+03
phis,0,5.235988,5.623413e-05,2.219226e-16,3.191247e-13,2.049126e+03
phis,0,5.235988,1.000000e-04,1.973204e-16,7.614594e-13,1.152307e+03
phis,0,5.235988,1.778279e-04,0.000000e+00,2.356236e-13,6.479886e+02
phis,0,5.235988,3.162278e-04,0.000000e+00,2.681577e-13,3.643895e+02
phis,0,5.235988,5.623413e-04,2.774067e-16,1.090208e-13,2.049100e+02
phis,0,5.235988,1.000000e-03,1.233280e-16,1.023622e-14,1.152281e+02
phis,0,5.235988,1.778279e-03,2.193159e-16,5.943461e-14,6.479628e+01
phis,0,5.235988,3.162278e-03,0.000000e+00,3.042143e-14,3.643637e+01
phis,0,5.235988,5.623413e-03,0.000000e+00,7.109441e-15,2.048843e+01
phis,0,5.235988,1.000000e-02,3.083889e-16,5.088416e-15,1.152024e+01
phis,0,5.235988,1.778279e-02,1.371267e-16,8.227604e-16,6.477062e+00
phis,0,5.235988,3.162278e-02,0.000000e+00,2.439324e-16,3.641084e+00
phis,0,5.235988,5.623413e-02,2.170196e-16,1.302117e-15,2.046310e+00
phis,0,5.235988,1.000000e-01,1.931617e-16,0.000000e+00,1.149527e+00
phis,0,5.235988,1.778279e-01,3.441098e-16,5.161648e-16,6.452724e-01
phis,0,5.235988,3.162278e-01,0.000000e+00,1.534387e-16,3.617806e-01
phis,0,5.235988,5.623413e-01,0.000000e+00,6.854106e-16,2.024741e-01
phis,0,5.235988,1.000000e+00,2.455305e-16,2.455305e-16,1.130433e-01
phis,0,5.759587,1.000000e-12,0.000000e+00,1.205130e-04,1.963633e+11
phis,0,5.759587,1.778279e-12,0.000000e+00,7.771499e-05,1.104232e+11
phis,0,5.759587,3.162278e-12,1.228654e-16,3.184163e-05,6.209554e+10
phis,0,5.759587,5.623413e-12,0.000000e+00,2.071795e-05,3.491889e+10
phis,0,5.759587,1.000000e-11,3.885346e-16,2.060836e-06,1.963633e+10
phis,0,5.759587,1.778279e-11,0.000000e+00,5.490077e-06,1.104232e+10
phis,0,5.759587,3.162278e-11,0.000000e+00,2.244641e-06,6.209554e+09
phis,0,5.759587,5.623413e-11,5.462226e-16,2.352104e-07,3.491889e+09
phis,0,5.759587,1.000000e-10,4.856682e-16,1.565777e-07,1.963633e+09
phis,0,5.759587,1.778279e-10,2.159135e-16,6.918925e-08,1.104232e+09
phis,0,5.759587,3.162278e-10,1.919772e-16,4.628170e-07,6.209554e+08
phis,0,5.759587,5.623413e-10,3.413891e-16,2.767628e-08,3.491889e+08
phis,0,5.759587,1.000000e-09,1.517713e-16,8.266198e-08,1.963633e+08
phis,0,5.759587,1.778279e-09,0.000000e+00,4.684386e-08,1.104232e+08
phis,0,5.759587,3.162278e-09,1.199858e-16,3.192513e-08,6.209554e+07
phis,0,5.759587,5.623413e-09,0.000000e+00,9.016522e-09,3.491889e+07
phis,0,5.759587,1.000000e-08,1.897142e-16,2.955213e-09,1.963633e+07
phis,0,5.759587,1.778279e-08,1.686824e-16,1.116752e-08,1.104232e+07
phis,0,5.759587,3.162278e-08,1.499822e-16,7.188015e-09,6.209554e+06
phis,0,5.759587,5.623413e-08,4.000654e-16,1.224899e-09,3.491889e+06
phis,0,5.759587,1.000000e-07,1.185713e-16,1.630980e-09,1.963633e+06
phis,0,5.759587,1.778279e-07,0.000000e+00,1.122645e-09,1.104232e+06
phis,0,5.759587,3.162278e-07,0.000000e+00,5.155867e-10,6.209554e+05
phis,0,5.759587,5.623413e-07,1.666939e-16,2.007558e-10,3.491889e+05
phis,0,5.759587,1.000000e-06,4.446426e-16,1.552794e-10,1.963633e+05
phis,0,5.759587,1.778279e-06,2.635662e-16,3.502611e-11,1.104232e+05
phis,0,5.759587,3.162278e-06,1.171736e-16,2.529895e-12,6.209553e+04
phis,0,5.759587,5.623413e-06,0.000000e+00,1.332093e-12,3.491888e+04
phis,0,5.759587,1.000000e-05,0.000000e+00,4.678753e-12,1.963633e+04
phis,0,5.759587,1.778279e-05,1.647290e-16,3.506916e-12,1.104231e+04
phis,0,5.759587,3.162278e-05,1.464672e-16,2.144426e-12,6.209546e+03
phis,0,5.759587,5.623413e-05,2.604599e-16,1.022565e-12,3.491881e+03
phis,0,5.759587,1.000000e-04,6.947569e-16,1.876307e-12,1.963625e+03
phis,0,5.759587,1.778279e-04,6.177379e-16,9.791146e-13,1.104224e+03
phis,0,5.759587,3.162278e-04,0.000000e+00,3.240625e-13,6.209472e+02
phis,0,5.759587,5.623413e-04,0.000000e+00,1.300699e-13,3.491807e+02
phis,0,5.759587,1.000000e-03,4.342393e-16,1.162314e-13,1.963552e+02
phis,0,5.759587,1.778279e-03,2.574079e-16,1.647411e-14,1.104151e+02
phis,0,5.759587,3.162278e-03,4.577695e-16,1.716636e-14,6.208738e+01
phis,0,5.759587,5.623413e-03,0.000000e+00,2.808732e-14,3.491073e+01
phis,0,5.759587,1.000000e-02,3.620013e-16,1.918607e-14,1.962818e+01
phis,0,5.759587,1.778279e-02,3.219735e-16,7.727364e-15,1.103418e+01
phis,0,5.759587,3.162278e-02,1.432217e-16,2.721212e-15,6.201425e+00
phis,0,5.759587,5.623413e-02,0.000000e+00,3.696724e-15,3.483784e+00
phis,0,5.759587,1.000000e-01,1.135447e-16,4.541790e-16,1.955569e+00
phis,0,5.759587,1.778279e-01,4.051025e-16,6.076538e-16,1.096239e+00
phis,0,5.759587,3.162278e-01,5.432666e-16,3.621777e-16,6.130819e-01
phis,0,5.759587,5.623413e-01,3.250948e-16,3.250948e-16,3.415074e-01
phis,0,5.759587,1.000000e+00,0.000000e+00,0.000000e+00,1.889577e-01
src,0,0.000000,1.000000e-12,1.248186e-13,2.666543e-04,2.405256e+34
src,0,0.000000,1.778279e-12,1.384136e-13,2.467068e-04,4.277218e+33
src,0,0.000000,3.162278e-12,1.997050e-13,3.439633e-04,7.606088e+32
src,0,0.000000,5.623413e-12,1.929864e-13,2.840272e-04,1.352575e+32
src,0,0.000000,1.000000e-11,8.558736e-13,2.662526e-04,2.405256e+31
src,0,0.000000,1.778279e-11,1.804454e-13,5.300760e-05,4.277218e+30
src,0,0.000000,3.162278e-11,3.943046e-13,6.844467e-06,7.606088e+29
src,0,0.000000,5.623413e-11,3.780972e-13,2.162828e-07,1.352575e+29
src,0,0.000000,1.000000e-10,4.916876e-13,2.482209e-07,2.405256e+28
src,0,0.000000,1.778279e-10,7.326277e-14,6.925691e-06,4.277218e+27
src,0,0.000000,3.162278e-10,2.130406e-13,6.844466e-06,7.606088e+26
src,0,0.000000,5.623413e-10,4.097537e-13,2.162824e-07,1.352575e+26
src,0,0.000000,1.000000e-09,3.499891e-13,2.482206e-07,2.405256e+25
src,0,0.000000,1.778279e-09,8.569163e-13,9.321457e-07,4.277218e+24
src,0,0.000000,3.162278e-09,2.207526e-13,1.036349e-07,7.606088e+23
src,0,0.000000,5.623413e-09,4.472849e-13,2.162816e-07,1.352575e+23
src,0,0.000000,1.000000e-08,5.374415e-13,2.482208e-07,2.405256e+22
src,0,0.000000,1.778279e-08,7.146232e-14,3.311910e-08,4.277218e+21
src,0,0.000000,3.162278e-08,2.047222e-13,6.488512e-08,7.606088e+20
src,0,0.000000,5.623413e-08,6.137754e-13,2.675009e-08,1.352575e+20
src,0,0.000000,1.000000e-07,8.201345e-13,1.823192e-08,2.405256e+19
src,0,0.000000,1.778279e-07,2.730448e-13,3.150689e-09,4.277218e+18
src,0,0.000000,3.162278e-07,1.105641e-13,2.522304e-09,7.606088e+17
src,0,0.000000,5.623413e-07,3.602018e-13,1.679173e-09,1.352575e+17
src,0,0.000000,1.000000e-06,5.966932e-13,2.245332e-09,2.405256e+16
src,0,0.000000,1.778279e-06,2.899081e-13,1.543491e-10,4.277218e+15
src,0,0.000000,3.162278e-06,9.038812e-13,8.378136e-10,7.606088e+14
src,0,0.000000,5.623413e-06,1.426677e-13,2.151362e-10,1.352575e+14
src,0,0.000000,1.000000e-05,7.291973e-14,1.138590e-10,2.405256e+13
src,0,0.000000,1.778279e-05,2.173580e-13,1.459475e-10,4.277217e+12
src,0,0.000000,3.162278e-05,8.337470e-13,4.715526e-12,7.606087e+11
src,0,0.000000,5.623413e-05,1.165132e-12,2.606870e-11,1.352575e+11
src,0,0.000000,1.000000e-04,5.184583e-13,6.731711e-12,2.405255e+10
src,0,0.000000,1.778279e-04,2.190643e-13,4.175488e-12,4.277215e+09
src,0,0.000000,3.162278e-04,6.175122e-13,5.559961e-12,7.606078e+08
src,0,0.000000,5.623413e-04,5.305743e-13,2.155348e-12,1.352572e+08
src,0,0.000000,1.000000e-03,1.424913e-13,1.225580e-12,2.405246e+07
src,0,0.000000,1.778279e-03,6.321047e-13,1.495669e-12,4.277186e+06
src,0,0.000000,3.162278e-03,1.806078e-14,3.388692e-13,7.605988e+05
src,0,0.000000,5.623413e-03,2.143179e-13,2.205581e-13,1.352543e+05
src,0,0.000000,1.000000e-02,7.407086e-13,6.594833e-13,2.405154e+04
src,0,0.000000,1.778279e-02,2.156306e-13,1.054761e-13,4.276886e+03
src,0,0.000000,3.162278e-02,7.529792e-13,2.592150e-13,7.604999e+02
src,0,0.000000,5.623413e-02,3.331472e-13,9.784228e-13,1.352207e+02
src,0,0.000000,1.000000e-01,1.248788e-13,2.105944e-13,2.403965e+01
src,0,0.000000,1.778279e-01,5.513150e-13,5.637881e-13,4.272420e+00
src,0,0.000000,3.162278e-01,9.731097e-14,3.655381e-13,7.587000e-01
src,0,0.000000,5.623413e-01,1.412108e-13,4.835023e-13,1.344431e-01
src,0,0.000000,1.000000e+00,5.578009e-13,5.578009e-13,2.368525e-02
src,0,0.523599,1.000000e-12,5.081686e-13,3.614954e-04,2.533232e+32
src,0,0.523599,1.778279e-12,9.777406e-14,2.331631e-04,4.504794e+31
src,0,0.523599,3.162278e-12,3.929723e-13,9.552185e-05,8.010783e+30
src,0,0.523599,5.623413e-12,5.018784e-13,6.215257e-05,1.424541e+30
src,0,0.523599,1.000000e-11,7.444570e-13,6.182519e-06,2.533232e+29
src,0,0.523599,1.778279e-11,7.154352e-13,1.647032e-05,4.504794e+28
src,0,0.523599,3.162278e-11,2.580374e-13,6.733939e-06,8.010783e+27
src,0,0.523599,5.623413e-11,5.520555e-13,7.056308e-07,1.424541e+27
src,0,0.523599,1.000000e-10,9.141864e-14,4.697327e-07,2.533232e+26
src,0,0.523599,1.778279e-10,4.851008e-13,2.075683e-07,4.504794e+25
src,0,0.523599,3.162278e-10,3.723549e-13,1.388451e-06,8.010783e+24
src,0,0.523599,5.623413e-10,3.853525e-13,8.302935e-08,1.424541e+24
src,0,0.523599,1.000000e-09,6.266541e-13,2.479859e-07,2.533232e+23
src,0,0.523599,1.778279e-09,3.588365e-13,1.405320e-07,4.504794e+22
src,0,0.523599,3.162278e-09,2.127053e-13,9.577526e-08,8.010783e+21
src,0,0.523599,5.623413e-09,3.768729e-13,2.704976e-08,1.424541e+21
src,0,0.523599,1.000000e-08,7.524437e-13,8.866321e-09,2.533232e+20
src,0,0.523599,1.778279e-08,4.822680e-13,3.350305e-08,4.504794e+19
src,0,0.523599,3.162278e-08,4.499535e-14,2.156425e-08,8.010783e+18
src,0,0.523599,5.623413e-08,2.884297e-13,3.674712e-09,1.424541e+18
src,0,0.523599,1.000000e-07,4.382070e-13,4.892345e-09,2.533232e+17
src,0,0.523599,1.778279e-07,1.218258e-13,3.367715e-09,4.504794e+16
src,0,0.523599,3.162278e-07,2.461682e-13,1.546588e-09,8.010783e+15
src,0,0.523599,5.623413e-07,8.300920e-14,6.019170e-10,1.424541e+15
src,0,0.523599,1.000000e-06,2.278463e-13,4.660699e-10,2.533232e+14
src,0,0.523599,1.778279e-06,5.065785e-13,1.048621e-10,4.504793e+13
src,0,0.523599,3.162278e-06,6.710928e-13,7.127969e-12,8.010780e+12
src,0,0.523599,5.623413e-06,4.639313e-13,3.970066e-12,1.424540e+12
src,0,0.523599,1.000000e-05,1.869681e-13,1.304331e-11,2.533228e+11
src,0,0.523599,1.778279e-05,1.730881e-13,1.039968e-11,4.504783e+10
src,0,0.523599,3.162278e-05,8.821558e-14,5.964730e-12,8.010747e+09
src,0,0.523599,5.623413e-05,2.383299e-13,3.067494e-12,1.424530e+09
src,0,0.523599,1.000000e-04,2.505884e-13,5.753533e-12,2.533196e+08
src,0,0.523599,1.778279e-04,6.202368e-14,2.865990e-12,4.504679e+07
src,0,0.523599,3.162278e-04,1.350987e-13,5.357441e-13,8.010419e+06
src,0,0.523599,5.623413e-04,1.641096e-13,6.015173e-14,1.424426e+06
src,0,0.523599,1.000000e-03,9.249825e-14,1.232927e-13,2.532868e+05
src,0,0.523599,1.778279e-03,2.988807e-14,5.554335e-13,4.503643e+04
src,0,0.523599,3.162278e-03,5.963231e-13,4.617244e-13,8.007148e+03
src,0,0.523599,5.623413e-03,8.562086e-14,3.642081e-13,1.423395e+03
src,0,0.523599,1.000000e-02,4.359390e-14,1.667354e-13,2.529626e+02
src,0,0.523599,1.778279e-02,8.633737e-14,2.659697e-13,4.493492e+01
src,0,0.523599,3.162278e-02,4.672736e-13,2.250620e-13,7.975620e+00
src,0,0.523599,5.623413e-02,7.067766e-14,1.258062e-13,1.413743e+00
src,0,0.523599,1.000000e-01,3.635834e-13,4.372767e-13,2.500864e-01
src,0,0.523599,1.778279e-01,6.100789e-13,4.353437e-13,4.411883e-02
src,0,0.523599,3.162278e-01,2.946052e-13,7.266780e-13,7.760778e-03
src,0,0.523599,5.623413e-01,1.386171e-12,2.545930e-14,1.354225e-03
src,0,0.523599,1.000000e+00,2.847923e-13,8.274021e-14,2.090039e-04
src,0,1.047198,1.000000e-12,1.162147e-12,1.984225e-04,5.119194e+31
src,0,1.047198,1.778279e-12,2.510696e-14,1.398612e-04,9.103358e+30
src,0,1.047198,3.162278e-12,2.861989e-13,9.170294e-05,1.618831e+30
src,0,1.047198,5.623413e-12,1.185550e-14,5.367835e-05,2.878735e+29
src,0,1.047198,1.000000e-11,1.498320e-13,2.316850e-05,5.119194e+28
src,0,1.047198,1.778279e-11,6.570480e-14,1.753097e-06,9.103358e+27
src,0,1.047198,3.162278e-11,5.094006e-14,3.790035e-06,1.618831e+27
src,0,1.047198,5.623413e-11,5.756593e-13,1.590477e-06,2.878735e+26
src,0,1.047198,1.000000e-10,3.314022e-13,1.510721e-06,5.119194e+25
src,0,1.047198,1.778279e-10,2.322437e-13,7.614490e-07,9.103358e+24
src,0,1.047198,3.162278e-10,4.286460e-13,1.054605e-06,1.618831e+24
src,0,1.047198,5.623413e-10,4.175167e-13,6.203121e-07,2.878735e+23
src,0,1.047198,1.000000e-09,6.944632e-13,2.417222e-07,5.119194e+22
src,0,1.047198,1.778279e-09,9.641037e-14,1.248545e-07,9.103358e+21
src,0,1.047198,3.162278e-09,1.455788e-13,1.135619e-07,1.618831e+21
src,0,1.047198,5.623413e-09,7.569548e-14,6.077179e-08,2.878735e+20
src,0,1.047198,1.000000e-08,3.344526e-13,1.192255e-08,5.119194e+19
src,0,1.047198,1.778279e-08,2.750282e-13,5.877135e-10,9.103358e+18
src,0,1.047198,3.162278e-08,8.634377e-13,7.553563e-09,1.618831e+18
src,0,1.047198,5.623413e-08,5.246750e-13,6.553438e-09,2.878735e+17
src,0,1.047198,1.000000e-07,7.429294e-13,3.379224e-09,5.119194e+16
src,0,1.047198,1.778279e-07,2.289265e-13,4.057846e-10,9.103358e+15
src,0,1.047198,3.162278e-07,4.798214e-13,1.318623e-10,1.618831e+15
src,0,1.047198,5.623413e-07,2.288332e-13,3.370029e-10,2.878734e+14
src,0,1.047198,1.000000e-06,7.632122e-13,1.833017e-10,5.119194e+13
src,0,1.047198,1.778279e-06,6.007400e-15,7.365286e-11,9.103357e+12
src,0,1.047198,3.162278e-06,6.717207e-13,9.663036e-11,1.618831e+12
src,0,1.047198,5.623413e-06,8.775545e-13,4.088356e-11,2.878733e+11
src,0,1.047198,1.000000e-05,3.976259e-13,1.669999e-11,5.119190e+10
src,0,1.047198,1.778279e-05,1.287721e-12,7.352118e-13,9.103344e+09
src,0,1.047198,3.162278e-05,6.034004e-13,4.245158e-12,1.618827e+09
src,0,1.047198,5.623413e-05,2.155417e-13,9.950945e-13,2.878721e+08
src,0,1.047198,1.000000e-04,2.430573e-13,1.819146e-12,5.119150e+07
src,0,1.047198,1.778279e-04,2.676350e-13,8.552861e-14,9.103219e+06
src,0,1.047198,3.162278e-04,2.721269e-13,1.003360e-12,1.618788e+06
src,0,1.047198,5.623413e-04,2.752058e-13,1.041172e-12,2.878596e+05
src,0,1.047198,1.000000e-03,2.532989e-13,1.970103e-13,5.118757e+04
src,0,1.047198,1.778279e-03,7.074528e-14,3.892989e-13,9.101982e+03
src,0,1.047198,3.162278e-03,7.881652e-14,1.891034e-13,1.618400e+03
src,0,1.047198,5.623413e-03,8.384111e-13,5.547263e-13,2.877389e+02
src,0,1.047198,1.000000e-02,1.209926e-13,3.590883e-13,5.115045e+01
src,0,1.047198,1.778279e-02,3.925601e-13,2.561704e-13,9.090839e+00
src,0,1.047198,3.162278e-02,8.058554e-13,7.395944e-14,1.615210e+00
src,0,1.047198,5.623413e-02,1.224699e-13,2.352660e-13,2.869159e-01
src,0,1.047198,1.000000e-01,3.905464e-14,5.112484e-13,5.099170e-02
src,0,1.047198,1.778279e-01,3.317782e-13,3.401729e-13,9.092471e-03
src,0,1.047198,3.162278e-01,2.770411e-13,2.574228e-13,1.635846e-03
src,0,1.047198,5.623413e-01,3.014770e-13,3.425109e-13,2.893224e-04
src,0,1.047198,1.000000e+00,9.058090e-13,2.751229e-12,2.425681e-05
src,0,1.570796,1.000000e-12,3.009801e-13,2.666543e-04,3.345752e+31
src,0,1.570796,1.778279e-12,6.596801e-13,1.279175e-04,5.949683e+30
src,0,1.570796,3.162278e-12,2.274637e-14,7.741157e-05,1.058020e+30
src,0,1.570796,5.623413e-12,2.449781e-13,4.716512e-05,1.881455e+29
src,0,1.570796,1.000000e-11,2.408194e-13,2.482213e-07,3.345752e+28
src,0,1.570796,1.778279e-11,4.536882e-13,1.554985e-05,5.949683e+27
src,0,1.570796,3.162278e-11,3.015027e-13,6.844466e-06,1.058020e+27
src,0,1.570796,5.623413e-11,4.651414e-13,2.162819e-07,1.881455e+26
src,0,1.570796,1.000000e-10,5.491701e-13,2.482205e-07,3.345752e+25
src,0,1.570796,1.778279e-10,4.282564e-13,5.662326e-07,5.949683e+24
src,0,1.570796,3.162278e-10,4.693727e-14,5.249345e-07,1.058020e+24
src,0,1.570796,5.623413e-10,9.987209e-15,2.162815e-07,1.881455e+23
src,0,1.570796,1.000000e-09,1.658540e-13,2.482215e-07,3.345752e+22
src,0,1.570796,1.778279e-09,4.265024e-13,1.829566e-07,5.949683e+21
src,0,1.570796,3.162278e-09,7.227408e-13,1.036351e-07,1.058020e+21
src,0,1.570796,5.623413e-09,4.098058e-13,2.063279e-08,1.881455e+20
src,0,1.570796,1.000000e-08,4.229745e-13,1.823225e-08,3.345752e+19
src,0,1.570796,1.778279e-08,8.106382e-13,4.340347e-09,5.949683e+18
src,0,1.570796,3.162278e-08,1.096085e-13,1.689818e-09,1.058020e+18
src,0,1.570796,5.623413e-08,3.347197e-13,3.058640e-09,1.881455e+17
src,0,1.570796,1.000000e-07,1.702457e-13,1.751410e-09,3.345752e+16
src,0,1.570796,1.778279e-07,3.522877e-13,5.942458e-10,5.949683e+15
src,0,1.570796,3.162278e-07,2.658268e-13,4.160635e-10,1.058020e+15
src,0,1.570796,5.623413e-07,6.708572e-13,4.950212e-10,1.881455e+14
src,0,1.570796,1.000000e-06,3.901869e-13,2.464660e-10,3.345752e+13
src,0,1.570796,1.778279e-06,7.197403e-13,1.544957e-10,5.949683e+12
src,0,1.570796,3.162278e-06,1.822944e-13,5.299575e-12,1.058020e+12
src,0,1.570796,5.623413e-06,1.245712e-13,2.189581e-11,1.881455e+11
src,0,1.570796,1.000000e-05,1.372754e-13,1.938251e-11,3.345752e+10
src,0,1.570796,1.778279e-05,3.447837e-13,4.218351e-12,5.949683e+09
src,0,1.570796,3.162278e-05,4.049434e-13,4.271398e-12,1.058020e+09
src,0,1.570796,5.623413e-05,1.903973e-13,3.535497e-12,1.881455e+08
src,0,1.570796,1.000000e-04,5.396838e-13,2.723471e-13,3.345752e+07
src,0,1.570796,1.778279e-04,1.828307e-13,1.576132e-12,5.949683e+06
src,0,1.570796,3.162278e-04,1.993768e-13,2.803598e-13,1.058020e+06
src,0,1.570796,5.623413e-04,1.633504e-13,1.079721e-13,1.881455e+05
src,0,1.570796,1.000000e-03,1.076468e-13,4.610329e-13,3.345755e+04
src,0,1.570796,1.778279e-03,9.630438e-14,1.534756e-13,5.949695e+03
src,0,1.570796,3.162278e-03,4.889056e-13,1.992156e-13,1.058027e+03
src,0,1.570796,5.623413e-03,2.673751e-14,1.805160e-13,1.881493e+02
src,0,1.570796,1.000000e-02,8.592009e-13,1.115942e-12,3.345965e+01
src,0,1.570796,1.778279e-02,1.801468e-13,1.671619e-14,5.950876e+00
src,0,1.570796,3.162278e-02,6.124271e-13,2.514726e-13,1.058690e+00
src,0,1.570796,5.623413e-02,9.555138e-14,7.270149e-13,1.885202e-01
src,0,1.570796,1.000000e-01,8.904241e-14,4.250126e-13,3.366488e-02
src,0,1.570796,1.778279e-01,7.362201e-13,1.190776e-13,6.060292e-03
src,0,1.570796,3.162278e-01,1.862275e-13,3.519367e-13,1.109659e-03
src,0,1.570796,5.623413e-01,7.709559e-14,1.450650e-13,1.989927e-04
src,0,1.570796,1.000000e+00,6.433413e-13,6.433413e-13,9.885146e-06
src,0,2.094395,1.000000e-12,5.637423e-13,1.984225e-04,5.119194e+31
src,0,2.094395,1.778279e-12,1.204640e-13,1.398612e-04,9.103358e+30
src,0,2.094395,3.162278e-12,2.959360e-13,9.170294e-05,1.618831e+30
src,0,2.094395,5.623413e-12,2.496989e-13,5.367835e-05,2.878735e+29
src,0,2.094395,1.000000e-11,4.091171e-13,2.316850e-05,5.119194e+28
src,0,2.094395,1.778279e-11,6.026966e-14,1.753097e-06,9.103358e+27
src,0,2.094395,3.162278e-11,6.367508e-14,3.790035e-06,1.618831e+27
src,0,2.094395,5.623413e-11,3.182060e-13,1.590476e-06,2.878735e+26
src,0,2.094395,1.000000e-10,4.525527e-13,1.510721e-06,5.119194e+25
src,0,2.094395,1.778279e-10,1.978023e-13,7.614487e-07,9.103358e+24
src,0,2.094395,3.162278e-10,2.427612e-13,1.054605e-06,1.618831e+24
src,0,2.094395,5.623413e-10,2.553822e-13,6.203129e-07,2.878735e+23
src,0,2.094395,1.000000e-09,2.752945e-13,2.417227e-07,5.119194e+22
src,0,2.094395,1.778279e-09,4.618944e-14,1.248545e-07,9.103358e+21
src,0,2.094395,3.162278e-09,1.276041e-13,1.135623e-07,1.618831e+21
src,0,2.094395,5.623413e-09,3.822337e-13,6.077124e-08,2.878735e+20
src,0,2.094395,1.000000e-08,4.731945e-13,1.192163e-08,5.119194e+19
src,0,2.094395,1.778279e-08,3.159731e-13,5.866547e-10,9.103358e+18
src,0,2.094395,3.162278e-08,1.109185e-12,7.553418e-09,1.618831e+18
src,0,2.094395,5.623413e-08,1.745211e-14,6.553072e-09,2.878735e+17
src,0,2.094395,1.000000e-07,8.641985e-13,3.379503e-09,5.119194e+16
src,0,2.094395,1.778279e-07,3.058212e-13,4.051026e-10,9.103358e+15
src,0,2.094395,3.162278e-07,7.953268e-14,1.314200e-10,1.618831e+15
src,0,2.094395,5.623413e-07,3.630067e-13,3.372489e-10,2.878735e+14
src,0,2.094395,1.000000e-06,4.563096e-14,1.829281e-10,5.119195e+13
src,0,2.094395,1.778279e-06,2.881405e-13,7.352304e-11,9.103359e+12
src,0,2.094395,3.162278e-06,8.398767e-13,9.636126e-11,1.618832e+12
src,0,2.094395,5.623413e-06,1.333610e-13,3.984102e-11,2.878736e+11
src,0,2.094395,1.000000e-05,8.494991e-14,1.718522e-11,5.119199e+10
src,0,2.094395,1.778279e-05,9.363499e-13,3.700143e-13,9.103372e+09
src,0,2.094395,3.162278e-05,2.958811e-13,3.995500e-12,1.618836e+09
src,0,2.094395,5.623413e-05,2.608837e-13,1.009993e-12,2.878748e+08
src,0,2.094395,1.000000e-04,1.970622e-13,2.104083e-12,5.119238e+07
src,0,2.094395,1.778279e-04,5.831318e-13,1.771902e-13,9.103497e+06
src,0,2.094395,3.162278e-04,3.562482e-13,1.100242e-12,1.618875e+06
src,0,2.094395,5.623413e-04,1.033186e-13,3.263330e-13,2.878874e+05
src,0,2.094395,1.000000e-03,4.763817e-13,2.256844e-13,5.119636e+04
src,0,2.094395,1.778279e-03,1.981861e-13,1.672196e-13,9.104761e+03
src,0,2.094395,3.162278e-03,2.592091e-13,7.758020e-13,1.619279e+03
src,0,2.094395,5.623413e-03,7.124750e-13,3.848549e-13,2.880168e+02
src,0,2.094395,1.000000e-02,1.572564e-13,4.487492e-13,5.123833e+01
src,0,2.094395,1.778279e-02,7.987015e-14,2.427273e-13,9.118630e+00
src,0,2.094395,3.162278e-02,6.580673e-13,4.488749e-13,1.623999e+00
src,0,2.094395,5.623413e-02,4.537523e-13,3.178949e-13,2.896964e-01
src,0,2.094395,1.000000e-01,1.833983e-13,1.064807e-12,5.187194e-02
src,0,2.094395,1.778279e-01,1.519679e-13,5.603006e-13,9.371769e-03
src,0,2.094395,3.162278e-01,1.018233e-14,1.973611e-14,1.724957e-03
src,0,2.094395,5.623413e-01,4.175559e-13,1.891624e-13,3.178169e-04
src,0,2.094395,1.000000e+00,6.731862e-13,1.198834e-12,3.182856e-05
src,0,2.617994,1.000000e-12,2.703690e-13,3.614954e-04,2.533232e+32
src,0,2.617994,1.778279e-12,1.451615e-13,2.331631e-04,4.504794e+31
src,0,2.617994,3.162278e-12,4.822203e-13,9.552185e-05,8.010783e+30
src,0,2.617994,5.623413e-12,7.241671e-13,6.215257e-05,1.424541e+30
src,0,2.617994,1.000000e-11,3.944511e-13,6.182519e-06,2.533232e+29
src,0,2.617994,1.778279e-11,4.202010e-13,1.647032e-05,4.504794e+28
src,0,2.617994,3.162278e-11,4.495067e-13,6.733939e-06,8.010783e+27
src,0,2.617994,5.623413e-11,1.811884e-13,7.056312e-07,1.424541e+27
src,0,2.617994,1.000000e-10,5.304723e-13,4.697324e-07,2.533232e+26
src,0,2.617994,1.778279e-10,6.073294e-13,2.075675e-07,4.504794e+25
src,0,2.617994,3.162278e-10,9.074309e-13,1.388450e-06,8.010783e+24
src,0,2.617994,5.623413e-10,3.900634e-13,8.302877e-08,1.424541e+24
src,0,2.617994,1.000000e-09,2.193488e-13,2.479865e-07,2.533232e+23
src,0,2.617994,1.778279e-09,2.491558e-13,1.405316e-07,4.504794e+22
src,0,2.617994,3.162278e-09,4.237089e-13,9.577570e-08,8.010783e+21
src,0,2.617994,5.623413e-09,2.486110e-13,2.704963e-08,1.424541e+21
src,0,2.617994,1.000000e-08,3.792616e-13,8.865838e-09,2.533232e+20
src,0,2.617994,1.778279e-08,5.259122e-13,3.350276e-08,4.504794e+19
src,0,2.617994,3.162278e-08,3.528045e-14,2.156420e-08,8.010783e+18
src,0,2.617994,5.623413e-08,8.859555e-14,3.673885e-09,1.424541e+18
src,0,2.617994,1.000000e-07,9.954082e-14,4.893114e-09,2.533232e+17
src,0,2.617994,1.778279e-07,4.393541e-13,3.367267e-09,4.504795e+16
src,0,2.617994,3.162278e-07,4.331661e-14,1.547083e-09,8.010784e+15
src,0,2.617994,5.623413e-07,1.263565e-14,6.019019e-10,1.424541e+15
src,0,2.617994,1.000000e-06,3.216000e-13,4.656865e-10,2.533232e+14
src,0,2.617994,1.778279e-06,7.308184e-13,1.046718e-10,4.504796e+13
src,0,2.617994,3.162278e-06,2.884295e-13,7.693850e-12,8.010787e+12
src,0,2.617994,5.623413e-06,3.600732e-13,3.973830e-12,1.424542e+12
src,0,2.617994,1.000000e-05,3.215311e-13,1.280607e-11,2.533236e+11
src,0,2.617994,1.778279e-05,4.377988e-13,1.080389e-11,4.504806e+10
src,0,2.617994,3.162278e-05,5.952414e-14,6.312773e-12,8.010820e+09
src,0,2.617994,5.623413e-05,5.273634e-13,3.690205e-12,1.424553e+09
src,0,2.617994,1.000000e-04,5.882188e-15,5.359261e-12,2.533269e+08
src,0,2.617994,1.778279e-04,2.548629e-13,3.154445e-12,4.504910e+07
src,0,2.617994,3.162278e-04,2.642438e-13,2.604074e-13,8.011148e+06
src,0,2.617994,5.623413e-04,6.439115e-14,3.333958e-13,1.424657e+06
src,0,2.617994,1.000000e-03,4.058413e-13,8.769296e-13,2.533597e+05
src,0,2.617994,1.778279e-03,2.115315e-14,4.962109e-13,4.505951e+04
src,0,2.617994,3.162278e-03,4.717444e-13,7.830254e-15,8.014445e+03
src,0,2.617994,5.623413e-03,3.003044e-13,5.470229e-14,1.425702e+03
src,0,2.617994,1.000000e-02,5.630741e-13,1.278288e-13,2.536922e+02
src,0,2.617994,1.778279e-02,1.576339e-13,5.679224e-14,4.516567e+01
src,0,2.617994,3.162278e-02,2.672727e-13,7.415658e-13,8.048589e+00
src,0,2.617994,5.623413e-02,1.438756e-13,5.356316e-13,1.436821e+00
src,0,2.617994,1.000000e-01,3.327824e-13,3.418406e-13,2.573866e-01
src,0,2.617994,1.778279e-01,4.499929e-13,9.521437e-13,4.642965e-02
src,0,2.617994,3.162278e-01,3.061552e-13,5.489961e-13,8.493571e-03
src,0,2.617994,5.623413e-01,2.642209e-13,6.093201e-14,1.587193e-03
src,0,2.617994,1.000000e+00,3.688436e-13,3.118020e-13,2.813066e-04
src,0,3.141593,1.000000e-12,4.641872e-13,2.666543e-04,2.405256e+34
src,0,3.141593,1.778279e-12,5.889655e-13,2.467068e-04,4.277218e+33
src,0,3.141593,3.162278e-12,2.006524e-13,3.439633e-04,7.606088e+32
src,0,3.141593,5.623413e-12,2.474595e-13,2.840272e-04,1.352575e+32
src,0,3.141593,1.000000e-11,1.013342e-12,2.662526e-04,2.405256e+31
src,0,3.141593,1.778279e-11,6.845344e-13,5.300760e-05,4.277218e+30
src,0,3.141593,3.162278e-11,2.220392e-14,6.844466e-06,7.606088e+29
src,0,3.141593,5.623413e-11,3.620993e-13,2.162820e-07,1.352575e+29
src,0,3.141593,1.000000e-10,4.827279e-14,2.482212e-07,2.405256e+28
src,0,3.141593,1.778279e-10,5.778762e-13,6.925692e-06,4.277218e+27
src,0,3.141593,3.162278e-10,5.751553e-13,6.844466e-06,7.606088e+26
src,0,3.141593,5.623413e-10,6.799167e-13,2.162820e-07,1.352575e+26
src,0,3.141593,1.000000e-09,4.062374e-13,2.482213e-07,2.405256e+25
src,0,3.141593,1.778279e-09,1.693248e-13,9.321459e-07,4.277218e+24
src,0,3.141593,3.162278e-09,1.132879e-13,1.036347e-07,7.606088e+23
src,0,3.141593,5.623413e-09,1.291247e-13,2.162814e-07,1.352575e+23
src,0,3.141593,1.000000e-08,9.842050e-13,2.482205e-07,2.405256e+22
src,0,3.141593,1.778279e-08,2.115677e-13,3.311884e-08,4.277218e+21
src,0,3.141593,3.162278e-08,6.143390e-13,6.488585e-08,7.606088e+20
src,0,3.141593,5.623413e-08,1.417243e-13,2.674997e-08,1.352575e+20
src,0,3.141593,1.000000e-07,2.370488e-13,1.823236e-08,2.405256e+19
src,0,3.141593,1.778279e-07,3.142230e-13,3.150745e-09,4.277218e+18
src,0,3.141593,3.162278e-07,4.806255e-13,2.522735e-09,7.606088e+17
src,0,3.141593,5.623413e-07,2.830749e-13,1.679438e-09,1.352575e+17
src,0,3.141593,1.000000e-06,1.078139e-12,2.244838e-09,2.405256e+16
src,0,3.141593,1.778279e-06,3.238086e-14,1.538801e-10,4.277218e+15
src,0,3.141593,3.162278e-06,6.016562e-13,8.375437e-10,7.606088e+14
src,0,3.141593,5.623413e-06,3.752102e-13,2.157967e-10,1.352575e+14
src,0,3.141593,1.000000e-05,8.870546e-13,1.132818e-10,2.405256e+13
src,0,3.141593,1.778279e-05,9.589323e-14,1.456436e-10,4.277218e+12
src,0,3.141593,3.162278e-05,9.725709e-14,4.872644e-12,7.606089e+11
src,0,3.141593,5.623413e-05,3.063997e-13,2.637576e-11,1.352575e+11
src,0,3.141593,1.000000e-04,3.200514e-13,7.715808e-12,2.405257e+10
src,0,3.141593,1.778279e-04,2.108142e-13,4.802351e-12,4.277221e+09
src,0,3.141593,3.162278e-04,9.174891e-13,4.602178e-12,7.606098e+08
src,0,3.141593,5.623413e-04,5.433514e-13,2.638317e-12,1.352578e+08
src,0,3.141593,1.000000e-03,2.583408e-13,1.432181e-12,2.405266e+07
src,0,3.141593,1.778279e-03,1.556832e-13,8.870674e-13,4.277249e+06
src,0,3.141593,3.162278e-03,5.239020e-13,3.120760e-13,7.606187e+05
src,0,3.141593,5.623413e-03,1.141900e-12,1.652710e-12,1.352606e+05
src,0,3.141593,1.000000e-02,7.925245e-14,2.829796e-13,2.405353e+04
src,0,3.141593,1.778279e-02,1.524501e-13,3.448732e-13,4.277515e+03
src,0,3.141593,3.162278e-02,7.412746e-14,2.697582e-13,7.606988e+02
src,0,3.141593,5.623413e-02,1.596683e-14,1.042256e-12,1.352836e+02
src,0,3.141593,1.000000e-01,4.384138e-13,4.075521e-14,2.405947e+01
src,0,3.141593,1.778279e-01,1.145865e-13,2.615562e-14,4.278641e+00
src,0,3.141593,3.162278e-01,1.863949e-13,3.995011e-13,7.606187e-01
src,0,3.141593,5.623413e-01,5.627120e-13,2.298546e-13,1.350016e-01
src,0,3.141593,1.000000e+00,4.729122e-13,4.729122e-13,2.381378e-02
src,0,3.665191,1.000000e-12,4.713324e-13,3.614954e-04,2.533232e+32
src,0,3.665191,1.778279e-12,2.089446e-13,2.331631e-04,4.504794e+31
src,0,3.665191,3.162278e-12,5.200278e-13,9.552185e-05,8.010783e+30
src,0,3.665191,5.623413e-12,2.983608e-13,6.215257e-05,1.424541e+30
src,0,3.665191,1.000000e-11,8.177916e-13,6.182519e-06,2.533232e+29
src,0,3.665191,1.778279e-11,2.936721e-13,1.647032e-05,4.504794e+28
src,0,3.665191,3.162278e-11,2.937234e-13,6.733939e-06,8.010783e+27
src,0,3.665191,5.623413e-11,4.299125e-13,7.056312e-07,1.424541e+27
src,0,3.665191,1.000000e-10,2.347859e-13,4.697324e-07,2.533232e+26
src,0,3.665191,1.778279e-10,4.877704e-13,2.075675e-07,4.504794e+25
src,0,3.665191,3.162278e-10,1.619168e-13,1.388450e-06,8.010783e+24
src,0,3.665191,5.623413e-10,7.254803e-14,8.302877e-08,1.424541e+24
src,0,3.665191,1.000000e-09,7.159301e-13,2.479865e-07,2.533232e+23
src,0,3.665191,1.778279e-09,3.240143e-14,1.405316e-07,4.504794e+22
src,0,3.665191,3.162278e-09,3.968754e-13,9.577570e-08,8.010783e+21
src,0,3.665191,5.623413e-09,4.756916e-13,2.704963e-08,1.424541e+21
src,0,3.665191,1.000000e-08,1.645364e-13,8.865837e-09,2.533232e+20
src,0,3.665191,1.778279e-08,2.931433e-13,3.350276e-08,4.504794e+19
src,0,3.665191,3.162278e-08,7.214595e-13,2.156419e-08,8.010783e+18
src,0,3.665191,5.623413e-08,3.069395e-13,3.673884e-09,1.424541e+18
src,0,3.665191,1.000000e-07,1.728069e-13,4.893113e-09,2.533232e+17
src,0,3.665191,1.778279e-07,4.088089e-13,3.367265e-09,4.504795e+16
src,0,3.665191,3.162278e-07,2.144609e-13,1.547084e-09,8.010784e+15
src,0,3.665191,5.623413e-07,3.099243e-13,6.019006e-10,1.424541e+15
src,0,3.665191,1.000000e-06,1.635756e-13,4.656877e-10,2.533232e+14
src,0,3.665191,1.778279e-06,3.837924e-13,1.046704e-10,4.504796e+13
src,0,3.665191,3.162278e-06,9.506225e-13,7.692752e-12,8.010787e+12
src,0,3.665191,5.623413e-06,3.972630e-13,3.975201e-12,1.424542e+12
src,0,3.665191,1.000000e-05,3.756216e-13,1.280703e-11,2.533236e+11
src,0,3.665191,1.778279e-05,4.361051e-13,1.080287e-11,4.504806e+10
src,0,3.665191,3.162278e-05,7.154802e-14,6.313964e-12,8.010820e+09
src,0,3.665191,5.623413e-05,3.265268e-13,3.688866e-12,1.424553e+09
src,0,3.665191,1.000000e-04,6.846866e-14,5.360438e-12,2.533269e+08
src,0,3.665191,1.778279e-04,4.893831e-13,3.155769e-12,4.504910e+07
src,0,3.665191,3.162278e-04,2.386681e-13,2.614537e-13,8.011148e+06
src,0,3.665191,5.623413e-04,1.748694e-14,3.322518e-13,1.424657e+06
src,0,3.665191,1.000000e-03,1.925248e-13,8.756660e-13,2.533597e+05
src,0,3.665191,1.778279e-03,1.939308e-13,4.975027e-13,4.505951e+04
src,0,3.665191,3.162278e-03,6.022486e-13,6.581952e-15,8.014445e+03
src,0,3.665191,5.623413e-03,3.746229e-13,5.613762e-14,1.425702e+03
src,0,3.665191,1.000000e-02,3.453954e-13,1.287250e-13,2.536922e+02
src,0,3.665191,1.778279e-02,2.207189e-13,5.789347e-14,4.516567e+01
src,0,3.665191,3.162278e-02,1.291119e-13,7.426694e-13,8.048589e+00
src,0,3.665191,5.623413e-02,2.114091e-13,5.364042e-13,1.436821e+00
src,0,3.665191,1.000000e-01,9.209207e-14,3.392525e-13,2.573866e-01
src,0,3.665191,1.778279e-01,2.661698e-13,9.527415e-13,4.642965e-02
src,0,3.665191,3.162278e-01,3.798857e-13,5.504257e-13,8.493571e-03
src,0,3.665191,5.623413e-01,1.006471e-12,6.298129e-14,1.587193e-03
src,0,3.665191,1.000000e+00,3.052499e-13,2.572656e-13,2.813066e-04
src,0,4.188790,1.000000e-12,1.435748e-13,1.984225e-04,5.119194e+31
src,0,4.188790,1.778279e-12,9.090453e-14,1.398612e-04,9.103358e+30
src,0,4.188790,3.162278e-12,4.859818e-13,9.170294e-05,1.618831e+30
src,0,4.188790,5.623413e-12,4.648090e-13,5.367835e-05,2.878735e+29
src,0,4.188790,1.000000e-11,3.024133e-14,2.316850e-05,5.119194e+28
src,0,4.188790,1.778279e-11,3.924171e-13,1.753097e-06,9.103358e+27
src,0,4.188790,3.162278e-11,8.352472e-13,3.790035e-06,1.618831e+27
src,0,4.188790,5.623413e-11,8.259511e-14,1.590476e-06,2.878735e+26
src,0,4.188790,1.000000e-10,1.047063e-13,1.510721e-06,5.119194e+25
src,0,4.188790,1.778279e-10,3.509015e-13,7.614487e-07,9.103358e+24
src,0,4.188790,3.162278e-10,3.939895e-13,1.054605e-06,1.618831e+24
src,0,4.188790,5.623413e-10,2.673879e-13,6.203129e-07,2.878735e+23
src,0,4.188790,1.000000e-09,3.252736e-13,2.417227e-07,5.119194e+22
src,0,4.188790,1.778279e-09,2.983308e-14,1.248545e-07,9.103358e+21
src,0,4.188790,3.162278e-09,5.002144e-13,1.135623e-07,1.618831e+21
src,0,4.188790,5.623413e-09,3.596958e-14,6.077124e-08,2.878735e+20
src,0,4.188790,1.000000e-08,8.241297e-14,1.192163e-08,5.119194e+19
src,0,4.188790,1.778279e-08,1.262093e-13,5.866559e-10,9.103358e+18
src,0,4.188790,3.162278e-08,4.668256e-13,7.553417e-09,1.618831e+18
src,0,4.188790,5.623413e-08,1.000440e-15,6.553072e-09,2.878735e+17
src,0,4.188790,1.000000e-07,1.112675e-13,3.379504e-09,5.119194e+16
src,0,4.188790,1.778279e-07,1.544485e-13,4.051015e-10,9.103358e+15
src,0,4.188790,3.162278e-07,3.956558e-13,1.314210e-10,1.618831e+15
src,0,4.188790,5.623413e-07,4.407318e-14,3.372495e-10,2.878735e+14
src,0,4.188790,1.000000e-06,3.629111e-13,1.829287e-10,5.119195e+13
src,0,4.188790,1.778279e-06,3.803970e-13,7.352218e-11,9.103359e+12
src,0,4.188790,3.162278e-06,5.255827e-13,9.636036e-11,1.618832e+12
src,0,4.188790,5.623413e-06,3.508942e-13,3.983996e-11,2.878736e+11
src,0,4.188790,1.000000e-05,1.961300e-13,1.718641e-11,5.119199e+10
src,0,4.188790,1.778279e-05,7.213812e-13,3.706429e-13,9.103372e+09
src,0,4.188790,3.162278e-05,6.679048e-13,3.994763e-12,1.618836e+09
src,0,4.188790,5.623413e-05,6.418567e-15,1.010821e-12,2.878748e+08
src,0,4.188790,1.000000e-04,1.413201e-13,2.104957e-12,5.119238e+07
src,0,4.188790,1.778279e-04,1.591848e-13,1.775994e-13,9.103497e+06
src,0,4.188790,3.162278e-04,4.295977e-13,1.099091e-12,1.618875e+06
src,0,4.188790,5.623413e-04,1.655928e-13,3.257265e-13,2.878874e+05
src,0,4.188790,1.000000e-03,2.298058e-13,2.251159e-13,5.119636e+04
src,0,4.188790,1.778279e-03,4.700927e-13,1.664204e-13,9.104761e+03
src,0,4.188790,3.162278e-03,9.021770e-13,7.753808e-13,1.619279e+03
src,0,4.188790,5.623413e-03,3.386723e-13,3.838681e-13,2.880168e+02
src,0,4.188790,1.000000e-02,3.966078e-14,4.483332e-13,5.123833e+01
src,0,4.188790,1.778279e-02,1.051948e-14,2.417533e-13,9.118630e+00
src,0,4.188790,3.162278e-02,2.942366e-13,4.494218e-13,1.623999e+00
src,0,4.188790,5.623413e-02,6.516941e-13,3.182781e-13,2.896964e-01
src,0,4.188790,1.000000e-01,4.166926e-13,1.065074e-12,5.187194e-02
src,0,4.188790,1.778279e-01,6.789504e-13,7.113430e-13,9.371769e-03
src,0,4.188790,3.162278e-01,2.665004e-14,5.361434e-13,1.724957e-03
src,0,4.188790,5.623413e-01,8.596740e-14,1.896741e-13,3.178169e-04
src,0,4.188790,1.000000e+00,8.200864e-13,7.379075e-13,3.182856e-05
src,0,4.712389,1.000000e-12,3.009801e-13,2.666543e-04,3.345752e+31
src,0,4.712389,1.778279e-12,6.596801e-13,1.279175e-04,5.949683e+30
src,0,4.712389,3.162278e-12,2.274637e-14,7.741157e-05,1.058020e+30
src,0,4.712389,5.623413e-12,2.449781e-13,4.716512e-05,1.881455e+29
src,0,4.712389,1.000000e-11,2.408194e-13,2.482213e-07,3.345752e+28
src,0,4.712389,1.778279e-11,4.536882e-13,1.554985e-05,5.949683e+27
src,0,4.712389,3.162278e-11,3.015027e-13,6.844466e-06,1.058020e+27
src,0,4.712389,5.623413e-11,4.651414e-13,2.162819e-07,1.881455e+26
src,0,4.712389,1.000000e-10,5.491701e-13,2.482205e-07,3.345752e+25
src,0,4.712389,1.778279e-10,4.282564e-13,5.662326e-07,5.949683e+24
src,0,4.712389,3.162278e-10,4.693727e-14,5.249345e-07,1.058020e+24
src,0,4.712389,5.623413e-10,9.987209e-15,2.162815e-07,1.881455e+23
src,0,4.712389,1.000000e-09,1.658540e-13,2.482215e-07,3.345752e+22
src,0,4.712389,1.778279e-09,4.265024e-13,1.829566e-07,5.949683e+21
src,0,4.712389,3.162278e-09,7.227408e-13,1.036351e-07,1.058020e+21
src,0,4.712389,5.623413e-09,4.098058e-13,2.063279e-08,1.881455e+20
src,0,4.712389,1.000000e-08,4.229745e-13,1.823225e-08,3.345752e+19
src,0,4.712389,1.778279e-08,8.106382e-13,4.340347e-09,5.949683e+18
src,0,4.712389,3.162278e-08,1.096085e-13,1.689818e-09,1.058020e+18
src,0,4.712389,5.623413e-08,3.347197e-13,3.058640e-09,1.881455e+17
src,0,4.712389,1.000000e-07,1.702457e-13,1.751410e-09,3.345752e+16
src,0,4.712389,1.778279e-07,3.522877e-13,5.942458e-10,5.949683e+15
src,0,4.712389,3.162278e-07,2.658268e-13,4.160635e-10,1.058020e+15
src,0,4.712389,5.623413e-07,6.708572e-13,4.950212e-10,1.881455e+14
src,0,4.712389,1.000000e-06,3.939230e-13,2.464660e-10,3.345752e+13
src,0,4.712389,1.778279e-06,7.197403e-13,1.544957e-10,5.949683e+12
src,0,4.712389,3.162278e-06,1.822944e-13,5.299575e-12,1.058020e+12
src,0,4.712389,5.623413e-06,1.245712e-13,2.189581e-11,1.881455e+11
src,0,4.712389,1.000000e-05,1.372754e-13,1.938251e-11,3.345752e+10
src,0,4.712389,1.778279e-05,3.447837e-13,4.218351e-12,5.949683e+09
src,0,4.712389,3.162278e-05,4.049434e-13,4.271398e-12,1.058020e+09
src,0,4.712389,5.623413e-05,1.903973e-13,3.535497e-12,1.881455e+08
src,0,4.712389,1.000000e-04,5.396838e-13,2.723471e-13,3.345752e+07
src,0,4.712389,1.778279e-04,1.828307e-13,1.576132e-12,5.949683e+06
src,0,4.712389,3.162278e-04,1.993768e-13,2.803598e-13,1.058020e+06
src,0,4.712389,5.623413e-04,1.635051e-13,1.079721e-13,1.881455e+05
src,0,4.712389,1.000000e-03,1.076468e-13,4.610329e-13,3.345755e+04
src,0,4.712389,1.778279e-03,9.630438e-14,1.534756e-13,5.949695e+03
src,0,4.712389,3.162278e-03,4.889056e-13,1.992156e-13,1.058027e+03
src,0,4.712389,5.623413e-03,2.673751e-14,1.805160e-13,1.881493e+02
src,0,4.712389,1.000000e-02,8.592009e-13,1.115942e-12,3.345965e+01
src,0,4.712389,1.778279e-02,1.801468e-13,1.686544e-14,5.950876e+00
src,0,4.712389,3.162278e-02,6.124271e-13,2.516824e-13,1.058690e+00
src,0,4.712389,5.623413e-02,9.466801e-14,7.277511e-13,1.885202e-01
src,0,4.712389,1.000000e-01,8.821794e-14,4.239820e-13,3.366488e-02
src,0,4.712389,1.778279e-01,7.373651e-13,1.202226e-13,6.060292e-03
src,0,4.712389,3.162278e-01,1.858367e-13,3.513505e-13,1.109659e-03
src,0,4.712389,5.623413e-01,8.009223e-14,8.009223e-14,1.989927e-04
src,0,4.712389,1.000000e+00,6.740174e-13,6.740174e-13,9.885146e-06
src,0,5.235988,1.000000e-12,1.162147e-12,1.984225e-04,5.119194e+31
src,0,5.235988,1.778279e-12,2.510696e-14,1.398612e-04,9.103358e+30
src,0,5.235988,3.162278e-12,2.861989e-13,9.170294e-05,1.618831e+30
src,0,5.235988,5.623413e-12,1.185550e-14,5.367835e-05,2.878735e+29
src,0,5.235988,1.000000e-11,1.498320e-13,2.316850e-05,5.119194e+28
src,0,5.235988,1.778279e-11,6.570480e-14,1.753097e-06,9.103358e+27
src,0,5.235988,3.162278e-11,5.094006e-14,3.790035e-06,1.618831e+27
src,0,5.235988,5.623413e-11,5.756593e-13,1.590477e-06,2.878735e+26
src,0,5.235988,1.000000e-10,3.314022e-13,1.510721e-06,5.119194e+25
src,0,5.235988,1.778279e-10,2.322437e-13,7.614490e-07,9.103358e+24
src,0,5.235988,3.162278e-10,4.286460e-13,1.054605e-06,1.618831e+24
src,0,5.235988,5.623413e-10,4.175167e-13,6.203121e-07,2.878735e+23
src,0,5.235988,1.000000e-09,6.944632e-13,2.417222e-07,5.119194e+22
src,0,5.235988,1.778279e-09,9.641037e-14,1.248545e-07,9.103358e+21
src,0,5.235988,3.162278e-09,1.455788e-13,1.135619e-07,1.618831e+21
src,0,5.235988,5.623413e-09,7.569548e-14,6.077179e-08,2.878735e+20
src,0,5.235988,1.000000e-08,3.344526e-13,1.192255e-08,5.119194e+19
src,0,5.235988,1.778279e-08,2.750282e-13,5.877135e-10,9.103358e+18
src,0,5.235988,3.162278e-08,8.634377e-13,7.553563e-09,1.618831e+18
src,0,5.235988,5.623413e-08,5.246750e-13,6.553438e-09,2.878735e+17
src,0,5.235988,1.000000e-07,7.429294e-13,3.379224e-09,5.119194e+16
src,0,5.235988,1.778279e-07,2.289265e-13,4.057846e-10,9.103358e+15
src,0,5.235988,3.162278e-07,4.798214e-13,1.318623e-10,1.618831e+15
src,0,5.235988,5.623413e-07,2.288332e-13,3.370029e-10,2.878734e+14
src,0,5.235988,1.000000e-06,7.632122e-13,1.833017e-10,5.119194e+13
src,0,5.235988,1.778279e-06,6.007400e-15,7.365286e-11,9.103357e+12
src,0,5.235988,3.162278e-06,6.717207e-13,9.663036e-11,1.618831e+12
src,0,5.235988,5.623413e-06,8.775545e-13,4.088356e-11,2.878733e+11
src,0,5.235988,1.000000e-05,3.976259e-13,1.669999e-11,5.119190e+10
src,0,5.235988,1.778279e-05,1.287721e-12,7.352118e-13,9.103344e+09
src,0,5.235988,3.162278e-05,6.034004e-13,4.245158e-12,1.618827e+09
src,0,5.235988,5.623413e-05,2.155417e-13,9.950945e-13,2.878721e+08
src,0,5.235988,1.000000e-04,2.430573e-13,1.819146e-12,5.119150e+07
src,0,5.235988,1.778279e-04,2.676350e-13,8.552861e-14,9.103219e+06
src,0,5.235988,3.162278e-04,2.721269e-13,1.003360e-12,1.618788e+06
src,0,5.235988,5.623413e-04,2.752058e-13,1.041172e-12,2.878596e+05
src,0,5.235988,1.000000e-03,2.532989e-13,1.970103e-13,5.118757e+04
src,0,5.235988,1.778279e-03,7.074528e-14,3.892989e-13,9.101982e+03
src,0,5.235988,3.162278e-03,7.895701e-14,1.891034e-13,1.618400e+03
src,0,5.235988,5.623413e-03,8.382136e-13,5.545288e-13,2.877389e+02
src,0,5.235988,1.000000e-02,1.209926e-13,3.590883e-13,5.115045e+01
src,0,5.235988,1.778279e-02,3.927555e-13,2.559750e-13,9.090839e+00
src,0,5.235988,3.162278e-02,8.061304e-13,7.423438e-14,1.615210e+00
src,0,5.235988,5.623413e-02,1.222764e-13,2.348790e-13,2.869159e-01
src,0,5.235988,1.000000e-01,3.973504e-14,5.105680e-13,5.099170e-02
src,0,5.235988,1.778279e-01,3.331137e-13,3.420807e-13,9.092471e-03
src,0,5.235988,3.162278e-01,2.765108e-13,2.578205e-13,1.635846e-03
src,0,5.235988,5.623413e-01,3.050370e-13,6.323710e-13,2.893224e-04
src,0,5.235988,1.000000e+00,9.334651e-13,9.512042e-13,2.425681e-05
src,0,5.759587,1.000000e-12,3.925399e-13,3.614954e-04,2.533232e+32
src,0,5.759587,1.778279e-12,2.959215e-14,2.331631e-04,4.504794e+31
src,0,5.759587,3.162278e-12,2.178495e-14,9.552185e-05,8.010783e+30
src,0,5.759587,5.623413e-12,2.562741e-13,6.215257e-05,1.424541e+30
src,0,5.759587,1.000000e-11,7.205677e-13,6.182519e-06,2.533232e+29
src,0,5.759587,1.778279e-11,3.135887e-13,1.647032e-05,4.504794e+28
src,0,5.759587,3.162278e-11,4.296049e-14,6.733939e-06,8.010783e+27
src,0,5.759587,5.623413e-11,4.625225e-13,7.056308e-07,1.424541e+27
src,0,5.759587,1.000000e-10,8.593895e-13,4.697327e-07,2.533232e+26
src,0,5.759587,1.778279e-10,3.933817e-13,2.075683e-07,4.504794e+25
src,0,5.759587,3.162278e-10,5.393651e-13,1.388451e-06,8.010783e+24
src,0,5.759587,5.623413e-10,9.158011e-14,8.302936e-08,1.424541e+24
src,0,5.759587,1.000000e-09,8.358037e-14,2.479859e-07,2.533232e+23
src,0,5.759587,1.778279e-09,1.551172e-13,1.405320e-07,4.504794e+22
src,0,5.759587,3.162278e-09,6.217539e-14,9.577526e-08,8.010783e+21
src,0,5.759587,5.623413e-09,2.513713e-13,2.704976e-08,1.424541e+21
src,0,5.759587,1.000000e-08,8.330303e-14,8.866323e-09,2.533232e+20
src,0,5.759587,1.778279e-08,2.236764e-14,3.350305e-08,4.504794e+19
src,0,5.759587,3.162278e-08,2.899132e-13,2.156425e-08,8.010783e+18
src,0,5.759587,5.623413e-08,4.807162e-13,3.674715e-09,1.424541e+18
src,0,5.759587,1.000000e-07,3.236340e-13,4.892348e-09,2.533232e+17
src,0,5.759587,1.778279e-07,6.410947e-14,3.367718e-09,4.504794e+16
src,0,5.759587,3.162278e-07,7.679649e-13,1.546585e-09,8.010783e+15
src,0,5.759587,5.623413e-07,3.041331e-13,6.019202e-10,1.424541e+15
src,0,5.759587,1.000000e-06,4.463172e-13,4.660670e-10,2.533232e+14
src,0,5.759587,1.778279e-06,7.134761e-13,1.048647e-10,4.504793e+13
src,0,5.759587,3.162278e-06,1.862724e-13,7.131016e-12,8.010780e+12
src,0,5.759587,5.623413e-06,5.480799e-13,3.966981e-12,1.424540e+12
src,0,5.759587,1.000000e-05,1.781738e-13,1.304042e-11,2.533228e+11
src,0,5.759587,1.778279e-05,7.536613e-14,1.040290e-11,4.504783e+10
src,0,5.759587,3.162278e-05,9.512044e-14,5.961754e-12,8.010747e+09
src,0,5.759587,5.623413e-05,2.292922e-13,3.070172e-12,1.424530e+09
src,0,5.759587,1.000000e-04,4.203532e-13,5.750475e-12,2.533196e+08
src,0,5.759587,1.778279e-04,3.218615e-13,2.862848e-12,4.504679e+07
src,0,5.759587,3.162278e-04,1.167290e-13,5.327212e-13,8.010419e+06
src,0,5.759587,5.623413e-04,3.663044e-13,5.671916e-14,1.424426e+06
src,0,5.759587,1.000000e-03,1.882138e-13,1.263951e-13,2.532868e+05
src,0,5.759587,1.778279e-03,1.882141e-13,5.526870e-13,4.503643e+04
src,0,5.759587,3.162278e-03,4.768313e-13,4.589984e-13,8.007148e+03
src,0,5.759587,5.623413e-03,3.124522e-13,3.672432e-13,1.423395e+03
src,0,5.759587,1.000000e-02,2.471819e-13,9.722113e-13,2.529626e+02
src,0,5.759587,1.778279e-02,3.643247e-13,2.692904e-13,4.493492e+01
src,0,5.759587,3.162278e-02,4.380969e-13,2.218325e-13,7.975620e+00
src,0,5.759587,5.623413e-02,3.502471e-14,1.228221e-13,1.413743e+00
src,0,5.759587,1.000000e-01,1.036590e-13,4.386085e-13,2.500864e-01
src,0,5.759587,1.778279e-01,5.319120e-13,4.314118e-13,4.411883e-02
src,0,5.759587,3.162278e-01,9.723313e-15,7.219839e-13,7.760778e-03
src,0,5.759587,5.623413e-01,4.326480e-13,1.341817e-13,1.354225e-03
src,0,5.759587,1.000000e+00,3.740169e-13,8.196209e-14,2.090039e-04
phis_m,2,0.000000,1.000000e-12,8.618847e+58,8.618847e+58,5.600121e+00
phis_m,2,0.000000,1.778279e-12,8.791652e+58,8.791652e+58,5.490047e+00
phis_m,2,0.000000,3.162278e-12,8.971528e+58,8.971528e+58,5.379973e+00
phis_m,2,0.000000,5.623413e-12,9.158918e+58,9.158918e+58,5.269900e+00
phis_m,2,0.000000,1.000000e-11,9.354304e+58,9.354304e+58,5.159826e+00
phis_m,2,0.000000,1.778279e-11,9.558207e+58,9.558207e+58,5.049752e+00
phis_m,2,0.000000,3.162278e-11,9.771198e+58,9.771198e+58,4.939679e+00
phis_m,2,0.000000,5.623413e-11,9.993898e+58,9.993898e+58,4.829605e+00
phis_m,2,0.000000,1.000000e-10,1.022699e+59,1.022699e+59,4.719532e+00
phis_m,2,0.000000,1.778279e-10,1.047121e+59,1.047121e+59,4.609458e+00
phis_m,2,0.000000,3.162278e-10,1.072737e+59,1.072737e+59,4.499384e+00
phis_m,2,0.000000,5.623413e-10,1.099639e+59,1.099639e+59,4.389311e+00
phis_m,2,0.000000,1.000000e-09,1.127925e+59,1.127925e+59,4.279237e+00
phis_m,2,0.000000,1.778279e-09,1.157704e+59,1.157704e+59,4.169164e+00
phis_m,2,0.000000,3.162278e-09,1.189099e+59,1.189099e+59,4.059090e+00
phis_m,2,0.000000,5.623413e-09,1.222243e+59,1.222243e+59,3.949016e+00
phis_m,2,0.000000,1.000000e-08,1.257288e+59,1.257288e+59,3.838943e+00
phis_m,2,0.000000,1.778279e-08,1.294403e+59,1.294403e+59,3.728869e+00
phis_m,2,0.000000,3.162278e-08,1.333775e+59,1.333775e+59,3.618795e+00
phis_m,2,0.000000,5.623413e-08,1.375617e+59,1.375617e+59,3.508722e+00
phis_m,2,0.000000,1.000000e-07,1.420170e+59,1.420170e+59,3.398648e+00
phis_m,2,0.000000,1.778279e-07,1.467705e+59,1.467705e+59,3.288575e+00
phis_m,2,0.000000,3.162278e-07,7.483675e-03,7.483675e-03,3.178501e+00
phis_m,2,0.000000,5.623413e-07,4.297459e-04,4.297459e-04,3.068427e+00
phis_m,2,0.000000,1.000000e-06,4.385699e-04,4.385699e-04,2.958354e+00
phis_m,2,0.000000,1.778279e-06,3.658998e-04,3.658998e-04,2.848280e+00
phis_m,2,0.000000,3.162278e-06,6.752248e-05,6.752248e-05,2.738206e+00
phis_m,2,0.000000,5.623413e-06,3.989042e-05,3.989042e-05,2.628132e+00
phis_m,2,0.000000,1.000000e-05,1.414520e-05,1.414520e-05,2.518058e+00
phis_m,2,0.000000,1.778279e-05,4.399983e-06,4.399983e-06,2.407984e+00
phis_m,2,0.000000,3.162278e-05,7.237716e-07,7.237716e-07,2.297909e+00
phis_m,2,0.000000,5.623413e-05,5.328378e-07,5.328378e-07,2.187832e+00
phis_m,2,0.000000,1.000000e-04,8.286799e-08,8.286799e-08,2.077755e+00
phis_m,2,0.000000,1.778279e-04,6.586846e-09,6.586846e-09,1.967674e+00
phis_m,2,0.000000,3.162278e-04,1.243791e-08,1.243791e-08,1.857589e+00
phis_m,2,0.000000,5.623413e-04,6.117922e-09,6.117922e-09,1.747497e+00
phis_m,2,0.000000,1.000000e-03,6.015063e-10,6.015062e-10,1.637393e+00
phis_m,2,0.000000,1.778279e-03,1.333190e-09,1.333190e-09,1.527270e+00
phis_m,2,0.000000,3.162278e-03,2.061477e-10,2.061477e-10,1.417116e+00
phis_m,2,0.000000,5.623413e-03,9.133060e-11,9.133060e-11,1.306915e+00
phis_m,2,0.000000,1.000000e-02,4.561236e-11,4.561257e-11,1.196643e+00
phis_m,2,0.000000,1.778279e-02,1.512997e-12,1.513225e-12,1.086263e+00
phis_m,2,0.000000,3.162278e-02,1.983930e-12,1.983676e-12,9.757316e-01
phis_m,2,0.000000,5.623413e-02,1.550392e-12,1.550710e-12,8.650027e-01
phis_m,2,0.000000,1.000000e-01,4.656699e-13,4.661629e-13,7.540547e-01
phis_m,2,0.000000,1.778279e-01,1.079478e-14,1.060214e-14,6.429653e-01
phis_m,2,0.000000,3.162278e-01,8.791653e-14,8.768366e-14,5.320862e-01
phis_m,2,0.000000,5.623413e-01,2.622666e-14,2.593331e-14,4.224141e-01
phis_m,2,0.000000,1.000000e+00,1.029813e-14,1.029813e-14,3.162477e-01
phis_m,2,0.523599,1.000000e-12,9.089931e+58,9.089931e+58,5.309895e+00
phis_m,2,0.523599,1.778279e-12,9.282354e+58,9.282354e+58,5.199822e+00
phis_m,2,0.523599,3.162278e-12,9.483099e+58,9.483099e+58,5.089748e+00
phis_m,2,0.523599,5.623413e-12,9.692719e+58,9.692719e+58,4.979674e+00
phis_m,2,0.523599,1.000000e-11,9.911815e+58,9.911815e+58,4.869601e+00
phis_m,2,0.523599,1.778279e-11,1.014105e+59,1.014105e+59,4.759527e+00
phis_m,2,0.523599,3.162278e-11,1.038113e+59,1.038113e+59,4.649453e+00
phis_m,2,0.523599,5.623413e-11,1.063286e+59,1.063286e+59,4.539380e+00
phis_m,2,0.523599,1.000000e-10,1.089710e+59,1.089710e+59,4.429306e+00
phis_m,2,0.523599,1.778279e-10,1.117480e+59,1.117480e+59,4.319233e+00
phis_m,2,0.523599,3.162278e-10,1.146704e+59,1.146704e+59,4.209159e+00
phis_m,2,0.523599,5.623413e-10,1.177496e+59,1.177496e+59,4.099085e+00
phis_m,2,0.523599,1.000000e-09,1.209988e+59,1.209988e+59,3.989012e+00
phis_m,2,0.523599,1.778279e-09,1.244325e+59,1.244325e+59,3.878938e+00
phis_m,2,0.523599,3.162278e-09,1.280666e+59,1.280666e+59,3.768865e+00
phis_m,2,0.523599,5.623413e-09,1.319195e+59,1.319195e+59,3.658791e+00
phis_m,2,0.523599,1.000000e-08,1.360113e+59,1.360113e+59,3.548717e+00
phis_m,2,0.523599,1.778279e-08,1.403652e+59,1.403652e+59,3.438644e+00
phis_m,2,0.523599,3.162278e-08,1.450070e+59,1.450070e+59,3.328570e+00
phis_m,2,0.523599,5.623413e-08,5.036061e-03,5.036061e-03,3.218496e+00
phis_m,2,0.523599,1.000000e-07,3.594058e-03,3.594058e-03,3.108423e+00
phis_m,2,0.523599,1.778279e-07,1.709583e-03,1.709583e-03,2.998349e+00
phis_m,2,0.523599,3.162278e-07,3.803194e-04,3.803194e-04,2.888276e+00
phis_m,2,0.523599,5.623413e-07,1.659926e-04,1.659926e-04,2.778202e+00
phis_m,2,0.523599,1.000000e-06,1.131967e-05,1.131967e-05,2.668128e+00
phis_m,2,0.523599,1.778279e-06,2.721508e-06,2.721508e-06,2.558055e+00
phis_m,2,0.523599,3.162278e-06,2.292864e-06,2.292864e-06,2.447981e+00
phis_m,2,0.523599,5.623413e-06,1.867315e-06,1.867315e-06,2.337907e+00
phis_m,2,0.523599,1.000000e-05,6.962947e-07,6.962947e-07,2.227833e+00
phis_m,2,0.523599,1.778279e-05,7.799628e-08,7.799628e-08,2.117759e+00
phis_m,2,0.523599,3.162278e-05,5.900003e-08,5.900003e-08,2.007684e+00
phis_m,2,0.523599,5.623413e-05,2.734431e-08,2.734431e-08,1.897608e+00
phis_m,2,0.523599,1.000000e-04,6.178980e-09,6.178979e-09,1.787531e+00
phis_m,2,0.523599,1.778279e-04,2.926124e-09,2.926124e-09,1.677452e+00
phis_m,2,0.523599,3.162278e-04,5.162740e-10,5.162741e-10,1.567369e+00
phis_m,2,0.523599,5.623413e-04,1.998215e-10,1.998215e-10,1.457281e+00
phis_m,2,0.523599,1.000000e-03,1.338678e-10,1.338680e-10,1.347183e+00
phis_m,2,0.523599,1.778279e-03,4.072981e-11,4.073001e-11,1.237071e+00
phis_m,2,0.523599,3.162278e-03,2.527589e-11,2.527602e-11,1.126937e+00
phis_m,2,0.523599,5.623413e-03,1.308183e-11,1.308183e-11,1.016771e+00
phis_m,2,0.523599,1.000000e-02,3.239021e-12,3.238748e-12,9.065640e-01
phis_m,2,0.523599,1.778279e-02,2.720208e-14,2.720208e-14,7.963130e-01
phis_m,2,0.523599,3.162278e-02,1.686100e-13,1.683889e-13,6.860489e-01
phis_m,2,0.523599,5.623413e-02,6.542201e-14,6.563716e-14,5.759025e-01
phis_m,2,0.523599,1.000000e-01,3.706478e-15,3.706478e-15,4.662692e-01
phis_m,2,0.523599,1.778279e-01,9.092718e-15,8.746676e-15,3.581723e-01
phis_m,2,0.523599,3.162278e-01,1.008607e-14,1.081810e-14,2.539487e-01
phis_m,2,0.523599,5.623413e-01,7.845660e-16,1.176849e-15,1.582107e-01
phis_m,2,0.523599,1.000000e+00,3.292235e-15,7.571287e-15,7.843761e-02
phis_m,2,1.047198,1.000000e-12,9.267829e+58,9.267829e+58,5.207971e+00
phis_m,2,1.047198,1.778279e-12,9.467939e+58,9.467939e+58,5.097897e+00
phis_m,2,1.047198,3.162278e-12,9.676882e+58,9.676882e+58,4.987824e+00
phis_m,2,1.047198,5.623413e-12,9.895255e+58,9.895255e+58,4.877750e+00
phis_m,2,1.047198,1.000000e-11,1.012371e+59,1.012371e+59,4.767676e+00
phis_m,2,1.047198,1.778279e-11,1.036297e+59,1.036297e+59,4.657603e+00
phis_m,2,1.047198,3.162278e-11,1.061380e+59,1.061380e+59,4.547529e+00
phis_m,2,1.047198,5.623413e-11,1.087709e+59,1.087709e+59,4.437456e+00
phis_m,2,1.047198,1.000000e-10,1.115376e+59,1.115376e+59,4.327382e+00
phis_m,2,1.047198,1.778279e-10,1.144488e+59,1.144488e+59,4.217308e+00
phis_m,2,1.047198,3.162278e-10,1.175160e+59,1.175160e+59,4.107235e+00
phis_m,2,1.047198,5.623413e-10,1.207522e+59,1.207522e+59,3.997161e+00
phis_m,2,1.047198,1.000000e-09,1.241716e+59,1.241716e+59,3.887087e+00
phis_m,2,1.047198,1.778279e-09,1.277903e+59,1.277903e+59,3.777014e+00
phis_m,2,1.047198,3.162278e-09,1.316263e+59,1.316263e+59,3.666940e+00
phis_m,2,1.047198,5.623413e-09,1.356997e+59,1.356997e+59,3.556867e+00
phis_m,2,1.047198,1.000000e-08,1.400333e+59,1.400333e+59,3.446793e+00
phis_m,2,1.047198,1.778279e-08,1.446528e+59,1.446528e+59,3.336719e+00
phis_m,2,1.047198,3.162278e-08,7.548985e-03,7.548985e-03,3.226646e+00
phis_m,2,1.047198,5.623413e-08,6.239160e-03,6.239160e-03,3.116572e+00
phis_m,2,1.047198,1.000000e-07,1.005632e-03,1.005632e-03,3.006499e+00
phis_m,2,1.047198,1.778279e-07,6.524172e-04,6.524172e-04,2.896425e+00
phis_m,2,1.047198,3.162278e-07,2.163501e-04,2.163501e-04,2.786351e+00
phis_m,2,1.047198,5.623413e-07,1.564776e-05,1.564776e-05,2.676278e+00
phis_m,2,1.047198,1.000000e-06,4.684656e-06,4.684656e-06,2.566204e+00
phis_m,2,1.047198,1.778279e-06,1.165139e-06,1.165139e-06,2.456130e+00
phis_m,2,1.047198,3.162278e-06,1.338546e-07,1.338546e-07,2.346057e+00
phis_m,2,1.047198,5.623413e-06,4.646690e-07,4.646690e-07,2.235983e+00
phis_m,2,1.047198,1.000000e-05,1.477165e-07,1.477165e-07,2.125909e+00
phis_m,2,1.047198,1.778279e-05,6.508664e-08,6.508664e-08,2.015835e+00
phis_m,2,1.047198,3.162278e-05,2.938689e-08,2.938689e-08,1.905761e+00
phis_m,2,1.047198,5.623413e-05,7.872429e-09,7.872429e-09,1.795686e+00
phis_m,2,1.047198,1.000000e-04,3.452137e-09,3.452137e-09,1.685611e+00
phis_m,2,1.047198,1.778279e-04,1.227916e-09,1.227916e-09,1.575534e+00
phis_m,2,1.047198,3.162278e-04,4.898629e-10,4.898630e-10,1.465456e+00
phis_m,2,1.047198,5.623413e-04,1.537835e-10,1.537834e-10,1.355374e+00
phis_m,2,1.047198,1.000000e-03,2.581829e-11,2.581829e-11,1.245288e+00
phis_m,2,1.047198,1.778279e-03,8.677329e-12,8.677329e-12,1.135196e+00
phis_m,2,1.047198,3.162278e-03,3.467165e-12,3.467165e-12,1.025096e+00
phis_m,2,1.047198,5.623413e-03,2.425983e-12,2.425547e-12,9.149898e-01
phis_m,2,1.047198,1.000000e-02,1.446387e-13,1.446387e-13,8.048892e-01
phis_m,2,1.047198,1.778279e-02,4.959007e-13,4.953657e-13,6.948402e-01
phis_m,2,1.047198,3.162278e-02,1.687860e-14,1.666680e-14,5.849808e-01
phis_m,2,1.047198,5.623413e-02,3.973292e-14,3.999341e-14,4.756838e-01
phis_m,2,1.047198,1.000000e-01,4.155130e-15,4.323644e-15,3.678763e-01
phis_m,2,1.047198,1.778279e-01,7.547403e-15,7.782355e-15,2.636539e-01
phis_m,2,1.047198,3.162278e-01,5.985717e-16,9.280460e-16,1.671882e-01
phis_m,2,1.047198,5.623413e-01,1.271285e-15,6.548121e-15,8.543389e-02
phis_m,2,1.047198,1.000000e+00,2.518204e-14,3.897302e-15,2.749605e-02
phis_m,2,1.570796,1.000000e-12,9.316322e+58,9.316322e+58,5.180862e+00
phis_m,2,1.570796,1.778279e-12,9.518555e+58,9.518555e+58,5.070789e+00
phis_m,2,1.570796,3.162278e-12,9.729763e+58,9.729763e+58,4.960715e+00
phis_m,2,1.570796,5.623413e-12,9.950557e+58,9.950557e+58,4.850641e+00
phis_m,2,1.570796,1.000000e-11,1.018160e+59,1.018160e+59,4.740568e+00
phis_m,2,1.570796,1.778279e-11,1.042364e+59,1.042364e+59,4.630494e+00
phis_m,2,1.570796,3.162278e-11,1.067745e+59,1.067745e+59,4.520421e+00
phis_m,2,1.570796,5.623413e-11,1.094394e+59,1.094394e+59,4.410347e+00
phis_m,2,1.570796,1.000000e-10,1.122407e+59,1.122407e+59,4.300273e+00
phis_m,2,1.570796,1.778279e-10,1.151892e+59,1.151892e+59,4.190200e+00
phis_m,2,1.570796,3.162278e-10,1.182968e+59,1.182968e+59,4.080126e+00
phis_m,2,1.570796,5.623413e-10,1.215767e+59,1.215767e+59,3.970052e+00
phis_m,2,1.570796,1.000000e-09,1.250436e+59,1.250436e+59,3.859979e+00
phis_m,2,1.570796,1.778279e-09,1.287141e+59,1.287141e+59,3.749905e+00
phis_m,2,1.570796,3.162278e-09,1.326066e+59,1.326066e+59,3.639832e+00
phis_m,2,1.570796,5.623413e-09,1.367419e+59,1.367419e+59,3.529758e+00
phis_m,2,1.570796,1.000000e-08,1.411434e+59,1.411434e+59,3.419684e+00
phis_m,2,1.570796,1.778279e-08,1.458376e+59,1.458376e+59,3.309611e+00
phis_m,2,1.570796,3.162278e-08,8.597209e-04,8.597209e-04,3.199537e+00
phis_m,2,1.570796,5.623413e-08,2.520632e-03,2.520632e-03,3.089464e+00
phis_m,2,1.570796,1.000000e-07,9.232457e-04,9.232457e-04,2.979390e+00
phis_m,2,1.570796,1.778279e-07,4.618117e-04,4.618117e-04,2.869316e+00
phis_m,2,1.570796,3.162278e-07,2.731569e-05,2.731569e-05,2.759243e+00
phis_m,2,1.570796,5.623413e-07,5.081587e-05,5.081587e-05,2.649169e+00
phis_m,2,1.570796,1.000000e-06,6.891617e-06,6.891617e-06,2.539095e+00
phis_m,2,1.570796,1.778279e-06,5.087433e-06,5.087433e-06,2.429022e+00
phis_m,2,1.570796,3.162278e-06,4.668343e-07,4.668343e-07,2.318948e+00
phis_m,2,1.570796,5.623413e-06,2.750774e-07,2.750774e-07,2.208875e+00
phis_m,2,1.570796,1.000000e-05,7.318480e-08,7.318480e-08,2.098801e+00
phis_m,2,1.570796,1.778279e-05,1.010001e-08,1.010001e-08,1.988727e+00
phis_m,2,1.570796,3.162278e-05,1.712625e-08,1.712625e-08,1.878654e+00
phis_m,2,1.570796,5.623413e-05,5.217929e-09,5.217929e-09,1.768580e+00
phis_m,2,1.570796,1.000000e-04,2.477222e-09,2.477222e-09,1.658507e+00
phis_m,2,1.570796,1.778279e-04,1.333697e-10,1.333696e-10,1.548433e+00
phis_m,2,1.570796,3.162278e-04,1.253884e-10,1.253886e-10,1.438360e+00
phis_m,2,1.570796,5.623413e-04,2.861316e-11,2.861353e-11,1.328286e+00
phis_m,2,1.570796,1.000000e-03,4.711111e-11,4.711071e-11,1.218214e+00
phis_m,2,1.570796,1.778279e-03,1.408683e-11,1.408683e-11,1.108143e+00
phis_m,2,1.570796,3.162278e-03,2.183779e-12,2.184055e-12,9.980772e-01
phis_m,2,1.570796,5.623413e-03,2.957989e-13,2.960779e-13,8.880265e-01
phis_m,2,1.570796,1.000000e-02,5.813685e-13,5.810143e-13,7.780170e-01
phis_m,2,1.570796,1.778279e-02,1.092191e-13,1.094045e-13,6.681201e-01
phis_m,2,1.570796,3.162278e-02,8.308955e-14,8.273195e-14,5.585233e-01
phis_m,2,1.570796,5.623413e-02,4.778618e-14,4.761752e-14,4.496993e-01
phis_m,2,1.570796,1.000000e-01,6.347539e-15,5.986039e-15,3.427723e-01
phis_m,2,1.570796,1.778279e-01,6.779465e-15,6.363942e-15,2.401929e-01
phis_m,2,1.570796,3.162278e-01,8.927706e-16,1.314691e-15,1.466477e-01
phis_m,2,1.570796,5.623413e-01,1.409991e-16,8.038188e-16,6.959672e-02
phis_m,2,1.570796,1.000000e+00,3.839955e-14,3.839955e-14,1.825587e-02
phis_m,2,2.094395,1.000000e-12,9.267829e+58,9.267829e+58,5.207971e+00
phis_m,2,2.094395,1.778279e-12,9.467939e+58,9.467939e+58,5.097897e+00
phis_m,2,2.094395,3.162278e-12,9.676882e+58,9.676882e+58,4.987824e+00
phis_m,2,2.094395,5.623413e-12,9.895255e+58,9.895255e+58,4.877750e+00
phis_m,2,2.094395,1.000000e-11,1.012371e+59,1.012371e+59,4.767676e+00
phis_m,2,2.094395,1.778279e-11,1.036297e+59,1.036297e+59,4.657603e+00
phis_m,2,2.094395,3.162278e-11,1.061380e+59,1.061380e+59,4.547529e+00
phis_m,2,2.094395,5.623413e-11,1.087709e+59,1.087709e+59,4.437456e+00
phis_m,2,2.094395,1.000000e-10,1.115376e+59,1.115376e+59,4.327382e+00
phis_m,2,2.094395,1.778279e-10,1.144488e+59,1.144488e+59,4.217308e+00
phis_m,2,2.094395,3.162278e-10,1.175160e+59,1.175160e+59,4.107235e+00
phis_m,2,2.094395,5.623413e-10,1.207522e+59,1.207522e+59,3.997161e+00
phis_m,2,2.094395,1.000000e-09,1.241716e+59,1.241716e+59,3.887087e+00
phis_m,2,2.094395,1.778279e-09,1.277903e+59,1.277903e+59,3.777014e+00
phis_m,2,2.094395,3.162278e-09,1.316263e+59,1.316263e+59,3.666940e+00
phis_m,2,2.094395,5.623413e-09,1.356997e+59,1.356997e+59,3.556867e+00
phis_m,2,2.094395,1.000000e-08,1.400333e+59,1.400333e+59,3.446793e+00
phis_m,2,2.094395,1.778279e-08,1.446528e+59,1.446528e+59,3.336719e+00
phis_m,2,2.094395,3.162278e-08,7.548985e-03,7.548985e-03,3.226646e+00
phis_m,2,2.094395,5.623413e-08,6.239160e-03,6.239160e-03,3.116572e+00
phis_m,2,2.094395,1.000000e-07,1.005632e-03,1.005632e-03,3.006499e+00
phis_m,2,2.094395,1.778279e-07,6.524172e-04,6.524172e-04,2.896425e+00
phis_m,2,2.094395,3.162278e-07,2.163501e-04,2.163501e-04,2.786351e+00
phis_m,2,2.094395,5.623413e-07,1.564776e-05,1.564776e-05,2.676278e+00
phis_m,2,2.094395,1.000000e-06,4.684656e-06,4.684656e-06,2.566204e+00
phis_m,2,2.094395,1.778279e-06,1.165139e-06,1.165139e-06,2.456131e+00
phis_m,2,2.094395,3.162278e-06,1.338546e-07,1.338546e-07,2.346057e+00
phis_m,2,2.094395,5.623413e-06,4.646690e-07,4.646690e-07,2.235984e+00
phis_m,2,2.094395,1.000000e-05,1.477165e-07,1.477165e-07,2.125910e+00
phis_m,2,2.094395,1.778279e-05,6.508664e-08,6.508664e-08,2.015837e+00
phis_m,2,2.094395,3.162278e-05,2.938689e-08,2.938689e-08,1.905764e+00
phis_m,2,2.094395,5.623413e-05,7.872430e-09,7.872430e-09,1.795692e+00
phis_m,2,2.094395,1.000000e-04,3.452137e-09,3.452137e-09,1.685620e+00
phis_m,2,2.094395,1.778279e-04,1.227916e-09,1.227916e-09,1.575549e+00
phis_m,2,2.094395,3.162278e-04,4.898631e-10,4.898631e-10,1.465481e+00
phis_m,2,2.094395,5.623413e-04,1.537834e-10,1.537834e-10,1.355415e+00
phis_m,2,2.094395,1.000000e-03,2.581874e-11,2.581874e-11,1.245355e+00
phis_m,2,2.094395,1.778279e-03,8.677375e-12,8.677727e-12,1.135304e+00
phis_m,2,2.094395,3.162278e-03,3.468029e-12,3.467787e-12,1.025270e+00
phis_m,2,2.094395,5.623413e-03,2.426504e-12,2.426338e-12,9.152644e-01
phis_m,2,2.094395,1.000000e-02,1.444079e-13,1.444079e-13,8.053175e-01
phis_m,2,2.094395,1.778279e-02,4.965823e-13,4.965823e-13,6.954953e-01
phis_m,2,2.094395,3.162278e-02,1.600477e-14,1.642761e-14,5.859566e-01
phis_m,2,2.094395,5.623413e-02,4.016470e-14,3.922663e-14,4.770852e-01
phis_m,2,2.094395,1.000000e-01,3.463298e-15,3.798453e-15,3.697841e-01
phis_m,2,2.094395,1.778279e-01,7.479503e-15,7.013913e-15,2.660474e-01
phis_m,2,2.094395,3.162278e-01,9.530240e-16,5.482020e-16,1.698188e-01
phis_m,2,2.094395,5.623413e-01,1.275460e-15,2.021328e-15,8.772229e-02
phis_m,2,2.094395,1.000000e+00,1.409130e-15,2.344046e-14,2.871300e-02
phis_m,2,2.617994,1.000000e-12,9.089931e+58,9.089931e+58,5.309895e+00
phis_m,2,2.617994,1.778279e-12,9.282354e+58,9.282354e+58,5.199822e+00
phis_m,2,2.617994,3.162278e-12,9.483099e+58,9.483099e+58,5.089748e+00
phis_m,2,2.617994,5.623413e-12,9.692719e+58,9.692719e+58,4.979674e+00
phis_m,2,2.617994,1.000000e-11,9.911815e+58,9.911815e+58,4.869601e+00
phis_m,2,2.617994,1.778279e-11,1.014105e+59,1.014105e+59,4.759527e+00
phis_m,2,2.617994,3.162278e-11,1.038113e+59,1.038113e+59,4.649453e+00
phis_m,2,2.617994,5.623413e-11,1.063286e+59,1.063286e+59,4.539380e+00
phis_m,2,2.617994,1.000000e-10,1.089710e+59,1.089710e+59,4.429306e+00
phis_m,2,2.617994,1.778279e-10,1.117480e+59,1.117480e+59,4.319233e+00
phis_m,2,2.617994,3.162278e-10,1.146704e+59,1.146704e+59,4.209159e+00
phis_m,2,2.617994,5.623413e-10,1.177496e+59,1.177496e+59,4.099085e+00
phis_m,2,2.617994,1.000000e-09,1.209988e+59,1.209988e+59,3.989012e+00
phis_m,2,2.617994,1.778279e-09,1.244325e+59,1.244325e+59,3.878938e+00
phis_m,2,2.617994,3.162278e-09,1.280666e+59,1.280666e+59,3.768865e+00
phis_m,2,2.617994,5.623413e-09,1.319195e+59,1.319195e+59,3.658791e+00
phis_m,2,2.617994,1.000000e-08,1.360113e+59,1.360113e+59,3.548717e+00
phis_m,2,2.617994,1.778279e-08,1.403652e+59,1.403652e+59,3.438644e+00
phis_m,2,2.617994,3.162278e-08,1.450070e+59,1.450070e+59,3.328570e+00
phis_m,2,2.617994,5.623413e-08,5.036061e-03,5.036061e-03,3.218496e+00
phis_m,2,2.617994,1.000000e-07,3.594058e-03,3.594058e-03,3.108423e+00
phis_m,2,2.617994,1.778279e-07,1.709583e-03,1.709583e-03,2.998349e+00
phis_m,2,2.617994,3.162278e-07,3.803194e-04,3.803194e-04,2.888276e+00
phis_m,2,2.617994,5.623413e-07,1.659926e-04,1.659926e-04,2.778202e+00
phis_m,2,2.617994,1.000000e-06,1.131967e-05,1.131967e-05,2.668128e+00
phis_m,2,2.617994,1.778279e-06,2.721508e-06,2.721508e-06,2.558055e+00
phis_m,2,2.617994,3.162278e-06,2.292864e-06,2.292864e-06,2.447981e+00
phis_m,2,2.617994,5.623413e-06,1.867315e-06,1.867315e-06,2.337908e+00
phis_m,2,2.617994,1.000000e-05,6.962947e-07,6.962947e-07,2.227835e+00
phis_m,2,2.617994,1.778279e-05,7.799628e-08,7.799628e-08,2.117762e+00
phis_m,2,2.617994,3.162278e-05,5.900003e-08,5.900003e-08,2.007690e+00
phis_m,2,2.617994,5.623413e-05,2.734432e-08,2.734432e-08,1.897618e+00
phis_m,2,2.617994,1.000000e-04,6.178980e-09,6.178980e-09,1.787548e+00
phis_m,2,2.617994,1.778279e-04,2.926125e-09,2.926125e-09,1.677480e+00
phis_m,2,2.617994,3.162278e-04,5.162738e-10,5.162738e-10,1.567415e+00
phis_m,2,2.617994,5.623413e-04,1.998216e-10,1.998214e-10,1.457357e+00
phis_m,2,2.617994,1.000000e-03,1.338684e-10,1.338684e-10,1.347308e+00
phis_m,2,2.617994,1.778279e-03,4.072999e-11,4.073039e-11,1.237274e+00
phis_m,2,2.617994,3.162278e-03,2.527588e-11,2.527588e-11,1.127266e+00
phis_m,2,2.617994,5.623413e-03,1.308279e-11,1.308294e-11,1.017298e+00
phis_m,2,2.617994,1.000000e-02,3.238024e-12,3.238434e-12,9.073962e-01
phis_m,2,2.617994,1.778279e-02,2.653656e-14,2.653656e-14,7.976080e-01
phis_m,2,2.617994,3.162278e-02,1.688464e-13,1.690265e-13,6.880236e-01
phis_m,2,2.617994,5.623413e-02,6.444870e-14,6.444870e-14,5.788321e-01
phis_m,2,2.617994,1.000000e-01,2.883656e-15,3.673527e-15,4.704515e-01
phis_m,2,2.617994,1.778279e-01,7.891883e-15,7.891883e-15,3.638160e-01
phis_m,2,2.617994,3.162278e-01,1.267960e-14,1.205941e-14,2.609315e-01
phis_m,2,2.617994,5.623413e-01,9.766658e-16,5.618013e-16,1.657081e-01
phis_m,2,2.617994,1.000000e+00,1.911100e-15,1.000178e-15,8.468494e-02
phis_m,2,3.141593,1.000000e-12,8.618847e+58,8.618847e+58,5.600121e+00
phis_m,2,3.141593,1.778279e-12,8.791652e+58,8.791652e+58,5.490047e+00
phis_m,2,3.141593,3.162278e-12,8.971528e+58,8.971528e+58,5.379973e+00
phis_m,2,3.141593,5.623413e-12,9.158918e+58,9.158918e+58,5.269900e+00
phis_m,2,3.141593,1.000000e-11,9.354304e+58,9.354304e+58,5.159826e+00
phis_m,2,3.141593,1.778279e-11,9.558207e+58,9.558207e+58,5.049752e+00
phis_m,2,3.141593,3.162278e-11,9.771198e+58,9.771198e+58,4.939679e+00
phis_m,2,3.141593,5.623413e-11,9.993898e+58,9.993898e+58,4.829605e+00
phis_m,2,3.141593,1.000000e-10,1.022699e+59,1.022699e+59,4.719532e+00
phis_m,2,3.141593,1.778279e-10,1.047121e+59,1.047121e+59,4.609458e+00
phis_m,2,3.141593,3.162278e-10,1.072737e+59,1.072737e+59,4.499384e+00
phis_m,2,3.141593,5.623413e-10,1.099639e+59,1.099639e+59,4.389311e+00
phis_m,2,3.141593,1.000000e-09,1.127925e+59,1.127925e+59,4.279237e+00
phis_m,2,3.141593,1.778279e-09,1.157704e+59,1.157704e+59,4.169164e+00
phis_m,2,3.141593,3.162278e-09,1.189099e+59,1.189099e+59,4.059090e+00
phis_m,2,3.141593,5.623413e-09,1.222243e+59,1.222243e+59,3.949016e+00
phis_m,2,3.141593,1.000000e-08,1.257288e+59,1.257288e+59,3.838943e+00
phis_m,2,3.141593,1.778279e-08,1.294403e+59,1.294403e+59,3.728869e+00
phis_m,2,3.141593,3.162278e-08,1.333775e+59,1.333775e+59,3.618795e+00
phis_m,2,3.141593,5.623413e-08,1.375617e+59,1.375617e+59,3.508722e+00
phis_m,2,3.141593,1.000000e-07,1.420170e+59,1.420170e+59,3.398648e+00
phis_m,2,3.141593,1.778279e-07,1.467705e+59,1.467705e+59,3.288575e+00
phis_m,2,3.141593,3.162278e-07,7.483675e-03,7.483675e-03,3.178501e+00
phis_m,2,3.141593,5.623413e-07,4.297459e-04,4.297459e-04,3.068428e+00
phis_m,2,3.141593,1.000000e-06,4.385699e-04,4.385699e-04,2.958354e+00
phis_m,2,3.141593,1.778279e-06,3.658999e-04,3.658999e-04,2.848280e+00
phis_m,2,3.141593,3.162278e-06,6.752249e-05,6.752249e-05,2.738207e+00
phis_m,2,3.141593,5.623413e-06,3.989042e-05,3.989042e-05,2.628134e+00
phis_m,2,3.141593,1.000000e-05,1.414520e-05,1.414520e-05,2.518061e+00
phis_m,2,3.141593,1.778279e-05,4.399983e-06,4.399983e-06,2.407988e+00
phis_m,2,3.141593,3.162278e-05,7.237718e-07,7.237718e-07,2.297916e+00
phis_m,2,3.141593,5.623413e-05,5.328381e-07,5.328381e-07,2.187845e+00
phis_m,2,3.141593,1.000000e-04,8.286808e-08,8.286808e-08,2.077775e+00
phis_m,2,3.141593,1.778279e-04,6.586860e-09,6.586860e-09,1.967708e+00
phis_m,2,3.141593,3.162278e-04,1.243796e-08,1.243796e-08,1.857646e+00
phis_m,2,3.141593,5.623413e-04,6.117969e-09,6.117968e-09,1.747591e+00
phis_m,2,3.141593,1.000000e-03,6.015152e-10,6.015153e-10,1.637548e+00
phis_m,2,3.141593,1.778279e-03,1.333226e-09,1.333226e-09,1.527524e+00
phis_m,2,3.141593,3.162278e-03,2.061587e-10,2.061587e-10,1.417531e+00
phis_m,2,3.141593,5.623413e-03,9.133991e-11,9.134010e-11,1.307585e+00
phis_m,2,3.141593,1.000000e-02,4.562142e-11,4.562184e-11,1.197713e+00
phis_m,2,3.141593,1.778279e-02,1.513570e-12,1.513342e-12,1.087953e+00
phis_m,2,3.141593,3.162278e-02,1.984755e-12,1.984755e-12,9.783580e-01
phis_m,2,3.141593,5.623413e-02,1.553594e-12,1.553737e-12,8.689987e-01
phis_m,2,3.141593,1.000000e-01,4.676126e-13,4.674495e-13,7.599630e-01
phis_m,2,3.141593,1.778279e-01,1.103621e-14,1.080341e-14,6.513492e-01
phis_m,2,3.141593,3.162278e-01,8.926475e-14,8.926475e-14,5.432550e-01
phis_m,2,3.141593,5.623413e-01,2.676559e-14,2.602293e-14,4.357765e-01
phis_m,2,3.141593,1.000000e+00,1.031488e-14,1.031488e-14,3.290850e-01
phis_m,2,3.665191,1.000000e-12,9.089931e+58,9.089931e+58,5.309895e+00
phis_m,2,3.665191,1.778279e-12,9.282354e+58,9.282354e+58,5.199822e+00
phis_m,2,3.665191,3.162278e-12,9.483099e+58,9.483099e+58,5.089748e+00
phis_m,2,3.665191,5.623413e-12,9.692719e+58,9.692719e+58,4.979674e+00
phis_m,2,3.665191,1.000000e-11,9.911815e+58,9.911815e+58,4.869601e+00
phis_m,2,3.665191,1.778279e-11,1.014105e+59,1.014105e+59,4.759527e+00
phis_m,2,3.665191,3.162278e-11,1.038113e+59,1.038113e+59,4.649453e+00
phis_m,2,3.665191,5.623413e-11,1.063286e+59,1.063286e+59,4.539380e+00
phis_m,2,3.665191,1.000000e-10,1.089710e+59,1.089710e+59,4.429306e+00
phis_m,2,3.665191,1.778279e-10,1.117480e+59,1.117480e+59,4.319233e+00
phis_m,2,3.665191,3.162278e-10,1.146704e+59,1.146704e+59,4.209159e+00
phis_m,2,3.665191,5.623413e-10,1.177496e+59,1.177496e+59,4.099085e+00
phis_m,2,3.665191,1.000000e-09,1.209988e+59,1.209988e+59,3.989012e+00
phis_m,2,3.665191,1.778279e-09,1.244325e+59,1.244325e+59,3.878938e+00
phis_m,2,3.665191,3.162278e-09,1.280666e+59,1.280666e+59,3.768865e+00
phis_m,2,3.665191,5.623413e-09,1.319195e+59,1.319195e+59,3.658791e+00
phis_m,2,3.665191,1.000000e-08,1.360113e+59,1.360113e+59,3.548717e+00
phis_m,2,3.665191,1.778279e-08,1.403652e+59,1.403652e+59,3.438644e+00
phis_m,2,3.665191,3.162278e-08,1.450070e+59,1.450070e+59,3.328570e+00
phis_m,2,3.665191,5.623413e-08,5.036061e-03,5.036061e-03,3.218496e+00
phis_m,2,3.665191,1.000000e-07,3.594058e-03,3.594058e-03,3.108423e+00
phis_m,2,3.665191,1.778279e-07,1.709583e-03,1.709583e-03,2.998349e+00
phis_m,2,3.665191,3.162278e-07,3.803194e-04,3.803194e-04,2.888276e+00
phis_m,2,3.665191,5.623413e-07,1.659926e-04,1.659926e-04,2.778202e+00
phis_m,2,3.665191,1.000000e-06,1.131967e-05,1.131967e-05,2.668128e+00
phis_m,2,3.665191,1.778279e-06,2.721508e-06,2.721508e-06,2.558055e+00
phis_m,2,3.665191,3.162278e-06,2.292864e-06,2.292864e-06,2.447981e+00
phis_m,2,3.665191,5.623413e-06,1.867315e-06,1.867315e-06,2.337908e+00
phis_m,2,3.665191,1.000000e-05,6.962947e-07,6.962947e-07,2.227835e+00
phis_m,2,3.665191,1.778279e-05,7.799628e-08,7.799628e-08,2.117762e+00
phis_m,2,3.665191,3.162278e-05,5.900003e-08,5.900003e-08,2.007690e+00
phis_m,2,3.665191,5.623413e-05,2.734432e-08,2.734432e-08,1.897618e+00
phis_m,2,3.665191,1.000000e-04,6.178980e-09,6.178980e-09,1.787548e+00
phis_m,2,3.665191,1.778279e-04,2.926125e-09,2.926125e-09,1.677480e+00
phis_m,2,3.665191,3.162278e-04,5.162737e-10,5.162738e-10,1.567415e+00
phis_m,2,3.665191,5.623413e-04,1.998215e-10,1.998215e-10,1.457357e+00
phis_m,2,3.665191,1.000000e-03,1.338681e-10,1.338684e-10,1.347308e+00
phis_m,2,3.665191,1.778279e-03,4.072995e-11,4.073039e-11,1.237274e+00
phis_m,2,3.665191,3.162278e-03,2.527580e-11,2.527580e-11,1.127266e+00
phis_m,2,3.665191,5.623413e-03,1.308289e-11,1.308289e-11,1.017298e+00
phis_m,2,3.665191,1.000000e-02,3.237720e-12,3.238434e-12,9.073962e-01
phis_m,2,3.665191,1.778279e-02,2.684723e-14,2.669189e-14,7.976080e-01
phis_m,2,3.665191,3.162278e-02,1.690265e-13,1.692066e-13,6.880236e-01
phis_m,2,3.665191,5.623413e-02,6.509089e-14,6.466276e-14,5.788321e-01
phis_m,2,3.665191,1.000000e-01,2.985659e-15,3.512719e-15,4.704515e-01
phis_m,2,3.665191,1.778279e-01,7.968213e-15,7.589240e-15,3.638160e-01
phis_m,2,3.665191,3.162278e-01,1.182204e-14,1.182204e-14,2.609315e-01
phis_m,2,3.665191,5.623413e-01,9.363356e-16,1.872671e-16,1.657081e-01
phis_m,2,3.665191,1.000000e+00,3.923612e-15,1.465747e-15,8.468494e-02
phis_m,2,4.188790,1.000000e-12,9.267829e+58,9.267829e+58,5.207971e+00
phis_m,2,4.188790,1.778279e-12,9.467939e+58,9.467939e+58,5.097897e+00
phis_m,2,4.188790,3.162278e-12,9.676882e+58,9.676882e+58,4.987824e+00
phis_m,2,4.188790,5.623413e-12,9.895255e+58,9.895255e+58,4.877750e+00
phis_m,2,4.188790,1.000000e-11,1.012371e+59,1.012371e+59,4.767676e+00
phis_m,2,4.188790,1.778279e-11,1.036297e+59,1.036297e+59,4.657603e+00
phis_m,2,4.188790,3.162278e-11,1.061380e+59,1.061380e+59,4.547529e+00
phis_m,2,4.188790,5.623413e-11,1.087709e+59,1.087709e+59,4.437456e+00
phis_m,2,4.188790,1.000000e-10,1.115376e+59,1.115376e+59,4.327382e+00
phis_m,2,4.188790,1.778279e-10,1.144488e+59,1.144488e+59,4.217308e+00
phis_m,2,4.188790,3.162278e-10,1.175160e+59,1.175160e+59,4.107235e+00
phis_m,2,4.188790,5.623413e-10,1.207522e+59,1.207522e+59,3.997161e+00
phis_m,2,4.188790,1.000000e-09,1.241716e+59,1.241716e+59,3.887087e+00
phis_m,2,4.188790,1.778279e-09,1.277903e+59,1.277903e+59,3.777014e+00
phis_m,2,4.188790,3.162278e-09,1.316263e+59,1.316263e+59,3.666940e+00
phis_m,2,4.188790,5.623413e-09,1.356997e+59,1.356997e+59,3.556867e+00
phis_m,2,4.188790,1.000000e-08,1.400333e+59,1.400333e+59,3.446793e+00
phis_m,2,4.188790,1.778279e-08,1.446528e+59,1.446528e+59,3.336719e+00
phis_m,2,4.188790,3.162278e-08,7.548985e-03,7.548985e-03,3.226646e+00
phis_m,2,4.188790,5.623413e-08,6.239160e-03,6.239160e-03,3.116572e+00
phis_m,2,4.188790,1.000000e-07,1.005632e-03,1.005632e-03,3.006499e+00
phis_m,2,4.188790,1.778279e-07,6.524172e-04,6.524172e-04,2.896425e+00
phis_m,2,4.188790,3.162278e-07,2.163501e-04,2.163501e-04,2.786351e+00
phis_m,2,4.188790,5.623413e-07,1.564776e-05,1.564776e-05,2.676278e+00
phis_m,2,4.188790,1.000000e-06,4.684656e-06,4.684656e-06,2.566204e+00
phis_m,2,4.188790,1.778279e-06,1.165139e-06,1.165139e-06,2.456131e+00
phis_m,2,4.188790,3.162278e-06,1.338546e-07,1.338546e-07,2.346057e+00
phis_m,2,4.188790,5.623413e-06,4.646690e-07,4.646690e-07,2.235984e+00
phis_m,2,4.188790,1.000000e-05,1.477165e-07,1.477165e-07,2.125910e+00
phis_m,2,4.188790,1.778279e-05,6.508664e-08,6.508664e-08,2.015837e+00
phis_m,2,4.188790,3.162278e-05,2.938689e-08,2.938689e-08,1.905764e+00
phis_m,2,4.188790,5.623413e-05,7.872429e-09,7.872429e-09,1.795692e+00
phis_m,2,4.188790,1.000000e-04,3.452137e-09,3.452137e-09,1.685620e+00
phis_m,2,4.188790,1.778279e-04,1.227916e-09,1.227916e-09,1.575549e+00
phis_m,2,4.188790,3.162278e-04,4.898627e-10,4.898630e-10,1.465481e+00
phis_m,2,4.188790,5.623413e-04,1.537833e-10,1.537834e-10,1.355415e+00
phis_m,2,4.188790,1.000000e-03,2.581894e-11,2.581874e-11,1.245355e+00
phis_m,2,4.188790,1.778279e-03,8.677157e-12,8.677727e-12,1.135304e+00
phis_m,2,4.188790,3.162278e-03,3.467881e-12,3.467881e-12,1.025270e+00
phis_m,2,4.188790,5.623413e-03,2.426775e-12,2.426338e-12,9.152644e-01
phis_m,2,4.188790,1.000000e-02,1.444079e-13,1.444079e-13,8.053175e-01
phis_m,2,4.188790,1.778279e-02,4.967605e-13,4.965823e-13,6.954953e-01
phis_m,2,4.188790,3.162278e-02,1.595731e-14,1.659178e-14,5.859566e-01
phis_m,2,4.188790,5.623413e-02,3.935648e-14,3.935648e-14,4.770852e-01
phis_m,2,4.188790,1.000000e-01,4.338506e-15,3.966064e-15,3.697841e-01
phis_m,2,4.188790,1.778279e-01,6.638425e-15,7.712342e-15,2.660474e-01
phis_m,2,4.188790,3.162278e-01,9.136700e-16,9.136700e-16,1.698188e-01
phis_m,2,4.188790,5.623413e-01,7.462344e-16,1.452096e-15,8.772229e-02
phis_m,2,4.188790,1.000000e+00,1.900444e-14,1.940895e-14,2.871300e-02
phis_m,2,4.712389,1.000000e-12,9.316322e+58,9.316322e+58,5.180862e+00
phis_m,2,4.712389,1.778279e-12,9.518555e+58,9.518555e+58,5.070789e+00
phis_m,2,4.712389,3.162278e-12,9.729763e+58,9.729763e+58,4.960715e+00
phis_m,2,4.712389,5.623413e-12,9.950557e+58,9.950557e+58,4.850641e+00
phis_m,2,4.712389,1.000000e-11,1.018160e+59,1.018160e+59,4.740568e+00
phis_m,2,4.712389,1.778279e-11,1.042364e+59,1.042364e+59,4.630494e+00
phis_m,2,4.712389,3.162278e-11,1.067745e+59,1.067745e+59,4.520421e+00
phis_m,2,4.712389,5.623413e-11,1.094394e+59,1.094394e+59,4.410347e+00
phis_m,2,4.712389,1.000000e-10,1.122407e+59,1.122407e+59,4.300273e+00
phis_m,2,4.712389,1.778279e-10,1.151892e+59,1.151892e+59,4.190200e+00
phis_m,2,4.712389,3.162278e-10,1.182968e+59,1.182968e+59,4.080126e+00
phis_m,2,4.712389,5.623413e-10,1.215767e+59,1.215767e+59,3.970052e+00
phis_m,2,4.712389,1.000000e-09,1.250436e+59,1.250436e+59,3.859979e+00
phis_m,2,4.712389,1.778279e-09,1.287141e+59,1.287141e+59,3.749905e+00
phis_m,2,4.712389,3.162278e-09,1.326066e+59,1.326066e+59,3.639832e+00
phis_m,2,4.712389,5.623413e-09,1.367419e+59,1.367419e+59,3.529758e+00
phis_m,2,4.712389,1.000000e-08,1.411434e+59,1.411434e+59,3.419684e+00
phis_m,2,4.712389,1.778279e-08,1.458376e+59,1.458376e+59,3.309611e+00
phis_m,2,4.712389,3.162278e-08,8.597209e-04,8.597209e-04,3.199537e+00
phis_m,2,4.712389,5.623413e-08,2.520632e-03,2.520632e-03,3.089464e+00
phis_m,2,4.712389,1.000000e-07,9.232457e-04,9.232457e-04,2.979390e+00
phis_m,2,4.712389,1.778279e-07,4.618117e-04,4.618117e-04,2.869316e+00
phis_m,2,4.712389,3.162278e-07,2.731569e-05,2.731569e-05,2.759243e+00
phis_m,2,4.712389,5.623413e-07,5.081587e-05,5.081587e-05,2.649169e+00
phis_m,2,4.712389,1.000000e-06,6.891617e-06,6.891617e-06,2.539095e+00
phis_m,2,4.712389,1.778279e-06,5.087433e-06,5.087433e-06,2.429022e+00
phis_m,2,4.712389,3.162278e-06,4.668343e-07,4.668343e-07,2.318948e+00
phis_m,2,4.712389,5.623413e-06,2.750774e-07,2.750774e-07,2.208875e+00
phis_m,2,4.712389,1.000000e-05,7.318480e-08,7.318480e-08,2.098801e+00
phis_m,2,4.712389,1.778279e-05,1.010001e-08,1.010001e-08,1.988727e+00
phis_m,2,4.712389,3.162278e-05,1.712625e-08,1.712625e-08,1.878654e+00
phis_m,2,4.712389,5.623413e-05,5.217929e-09,5.217929e-09,1.768580e+00
phis_m,2,4.712389,1.000000e-04,2.477222e-09,2.477222e-09,1.658507e+00
phis_m,2,4.712389,1.778279e-04,1.333697e-10,1.333696e-10,1.548433e+00
phis_m,2,4.712389,3.162278e-04,1.253884e-10,1.253886e-10,1.438360e+00
phis_m,2,4.712389,5.623413e-04,2.861316e-11,2.861353e-11,1.328286e+00
phis_m,2,4.712389,1.000000e-03,4.711111e-11,4.711071e-11,1.218214e+00
phis_m,2,4.712389,1.778279e-03,1.408683e-11,1.408683e-11,1.108143e+00
phis_m,2,4.712389,3.162278e-03,2.183779e-12,2.184055e-12,9.980772e-01
phis_m,2,4.712389,5.623413e-03,2.957989e-13,2.960779e-13,8.880265e-01
phis_m,2,4.712389,1.000000e-02,5.813685e-13,5.810143e-13,7.780170e-01
phis_m,2,4.712389,1.778279e-02,1.092191e-13,1.094045e-13,6.681201e-01
phis_m,2,4.712389,3.162278e-02,8.308955e-14,8.273195e-14,5.585233e-01
phis_m,2,4.712389,5.623413e-02,4.778618e-14,4.761752e-14,4.496993e-01
phis_m,2,4.712389,1.000000e-01,6.347539e-15,5.986039e-15,3.427723e-01
phis_m,2,4.712389,1.778279e-01,6.779465e-15,6.363942e-15,2.401929e-01
phis_m,2,4.712389,3.162278e-01,8.927706e-16,1.314691e-15,1.466477e-01
phis_m,2,4.712389,5.623413e-01,1.409991e-16,1.409991e-16,6.959672e-02
phis_m,2,4.712389,1.000000e+00,3.839955e-14,3.839955e-14,1.825587e-02
phis_m,2,5.235988,1.000000e-12,9.267829e+58,9.267829e+58,5.207971e+00
phis_m,2,5.235988,1.778279e-12,9.467939e+58,9.467939e+58,5.097897e+00
phis_m,2,5.235988,3.162278e-12,9.676882e+58,9.676882e+58,4.987824e+00
phis_m,2,5.235988,5.623413e-12,9.895255e+58,9.895255e+58,4.877750e+00
phis_m,2,5.235988,1.000000e-11,1.012371e+59,1.012371e+59,4.767676e+00
phis_m,2,5.235988,1.778279e-11,1.036297e+59,1.036297e+59,4.657603e+00
phis_m,2,5.235988,3.162278e-11,1.061380e+59,1.061380e+59,4.547529e+00
phis_m,2,5.235988,5.623413e-11,1.087709e+59,1.087709e+59,4.437456e+00
phis_m,2,5.235988,1.000000e-10,1.115376e+59,1.115376e+59,4.327382e+00
phis_m,2,5.235988,1.778279e-10,1.144488e+59,1.144488e+59,4.217308e+00
phis_m,2,5.235988,3.162278e-10,1.175160e+59,1.175160e+59,4.107235e+00
phis_m,2,5.235988,5.623413e-10,1.207522e+59,1.207522e+59,3.997161e+00
phis_m,2,5.235988,1.000000e-09,1.241716e+59,1.241716e+59,3.887087e+00
phis_m,2,5.235988,1.778279e-09,1.277903e+59,1.277903e+59,3.777014e+00
phis_m,2,5.235988,3.162278e-09,1.316263e+59,1.316263e+59,3.666940e+00
phis_m,2,5.235988,5.623413e-09,1.356997e+59,1.356997e+59,3.556867e+00
phis_m,2,5.235988,1.000000e-08,1.400333e+59,1.400333e+59,3.446793e+00
phis_m,2,5.235988,1.778279e-08,1.446528e+59,1.446528e+59,3.336719e+00
phis_m,2,5.235988,3.162278e-08,7.548985e-03,7.548985e-03,3.226646e+00
phis_m,2,5.235988,5.623413e-08,6.239160e-03,6.239160e-03,3.116572e+00
phis_m,2,5.235988,1.000000e-07,1.005632e-03,1.005632e-03,3.006499e+00
phis_m,2,5.235988,1.778279e-07,6.524172e-04,6.524172e-04,2.896425e+00
phis_m,2,5.235988,3.162278e-07,2.163501e-04,2.163501e-04,2.786351e+00
phis_m,2,5.235988,5.623413e-07,1.564776e-05,1.564776e-05,2.676278e+00
phis_m,2,5.235988,1.000000e-06,4.684656e-06,4.684656e-06,2.566204e+00
phis_m,2,5.235988,1.778279e-06,1.165139e-06,1.165139e-06,2.456130e+00
phis_m,2,5.235988,3.162278e-06,1.338546e-07,1.338546e-07,2.346057e+00
phis_m,2,5.235988,5.623413e-06,4.646690e-07,4.646690e-07,2.235983e+00
phis_m,2,5.235988,1.000000e-05,1.477165e-07,1.477165e-07,2.125909e+00
phis_m,2,5.235988,1.778279e-05,6.508664e-08,6.508664e-08,2.015835e+00
phis_m,2,5.235988,3.162278e-05,2.938689e-08,2.938689e-08,1.905761e+00
phis_m,2,5.235988,5.623413e-05,7.872429e-09,7.872429e-09,1.795686e+00
phis_m,2,5.235988,1.000000e-04,3.452137e-09,3.452137e-09,1.685611e+00
phis_m,2,5.235988,1.778279e-04,1.227916e-09,1.227916e-09,1.575534e+00
phis_m,2,5.235988,3.162278e-04,4.898629e-10,4.898630e-10,1.465456e+00
phis_m,2,5.235988,5.623413e-04,1.537835e-10,1.537834e-10,1.355374e+00
phis_m,2,5.235988,1.000000e-03,2.581829e-11,2.581829e-11,1.245288e+00
phis_m,2,5.235988,1.778279e-03,8.677329e-12,8.677329e-12,1.135196e+00
phis_m,2,5.235988,3.162278e-03,3.467165e-12,3.467165e-12,1.025096e+00
phis_m,2,5.235988,5.623413e-03,2.425983e-12,2.425547e-12,9.149898e-01
phis_m,2,5.235988,1.000000e-02,1.446387e-13,1.446387e-13,8.048892e-01
phis_m,2,5.235988,1.778279e-02,4.959007e-13,4.953657e-13,6.948402e-01
phis_m,2,5.235988,3.162278e-02,1.687860e-14,1.666680e-14,5.849808e-01
phis_m,2,5.235988,5.623413e-02,3.973292e-14,3.999341e-14,4.756838e-01
phis_m,2,5.235988,1.000000e-01,4.155130e-15,4.323644e-15,3.678763e-01
phis_m,2,5.235988,1.778279e-01,7.547403e-15,7.782355e-15,2.636539e-01
phis_m,2,5.235988,3.162278e-01,5.985717e-16,9.280460e-16,1.671882e-01
phis_m,2,5.235988,5.623413e-01,1.271285e-15,1.271285e-15,8.543389e-02
phis_m,2,5.235988,1.000000e+00,2.518204e-14,2.546372e-14,2.749605e-02
phis_m,2,5.759587,1.000000e-12,9.089931e+58,9.089931e+58,5.309895e+00
phis_m,2,5.759587,1.778279e-12,9.282354e+58,9.282354e+58,5.199822e+00
phis_m,2,5.759587,3.162278e-12,9.483099e+58,9.483099e+58,5.089748e+00
phis_m,2,5.759587,5.623413e-12,9.692719e+58,9.692719e+58,4.979674e+00
phis_m,2,5.759587,1.000000e-11,9.911815e+58,9.911815e+58,4.869601e+00
phis_m,2,5.759587,1.778279e-11,1.014105e+59,1.014105e+59,4.759527e+00
phis_m,2,5.759587,3.162278e-11,1.038113e+59,1.038113e+59,4.649453e+00
phis_m,2,5.759587,5.623413e-11,1.063286e+59,1.063286e+59,4.539380e+00
phis_m,2,5.759587,1.000000e-10,1.089710e+59,1.089710e+59,4.429306e+00
phis_m,2,5.759587,1.778279e-10,1.117480e+59,1.117480e+59,4.319233e+00
phis_m,2,5.759587,3.162278e-10,1.146704e+59,1.146704e+59,4.209159e+00
phis_m,2,5.759587,5.623413e-10,1.177496e+59,1.177496e+59,4.099085e+00
phis_m,2,5.759587,1.000000e-09,1.209988e+59,1.209988e+59,3.989012e+00
phis_m,2,5.759587,1.778279e-09,1.244325e+59,1.244325e+59,3.878938e+00
phis_m,2,5.759587,3.162278e-09,1.280666e+59,1.280666e+59,3.768865e+00
phis_m,2,5.759587,5.623413e-09,1.319195e+59,1.319195e+59,3.658791e+00
phis_m,2,5.759587,1.000000e-08,1.360113e+59,1.360113e+59,3.548717e+00
phis_m,2,5.759587,1.778279e-08,1.403652e+59,1.403652e+59,3.438644e+00
phis_m,2,5.759587,3.162278e-08,1.450070e+59,1.450070e+59,3.328570e+00
phis_m,2,5.759587,5.623413e-08,5.036061e-03,5.036061e-03,3.218496e+00
phis_m,2,5.759587,1.000000e-07,3.594058e-03,3.594058e-03,3.108423e+00
phis_m,2,5.759587,1.778279e-07,1.709583e-03,1.709583e-03,2.998349e+00
phis_m,2,5.759587,3.162278e-07,3.803194e-04,3.803194e-04,2.888276e+00
phis_m,2,5.759587,5.623413e-07,1.659926e-04,1.659926e-04,2.778202e+00
phis_m,2,5.759587,1.000000e-06,1.131967e-05,1.131967e-05,2.668128e+00
phis_m,2,5.759587,1.778279e-06,2.721508e-06,2.721508e-06,2.558055e+00
phis_m,2,5.759587,3.162278e-06,2.292864e-06,2.292864e-06,2.447981e+00
phis_m,2,5.759587,5.623413e-06,1.867315e-06,1.867315e-06,2.337907e+00
phis_m,2,5.759587,1.000000e-05,6.962947e-07,6.962947e-07,2.227833e+00
phis_m,2,5.759587,1.778279e-05,7.799628e-08,7.799628e-08,2.117759e+00
phis_m,2,5.759587,3.162278e-05,5.900003e-08,5.900003e-08,2.007684e+00
phis_m,2,5.759587,5.623413e-05,2.734431e-08,2.734431e-08,1.897608e+00
phis_m,2,5.759587,1.000000e-04,6.178979e-09,6.178979e-09,1.787531e+00
phis_m,2,5.759587,1.778279e-04,2.926124e-09,2.926124e-09,1.677452e+00
phis_m,2,5.759587,3.162278e-04,5.162737e-10,5.162740e-10,1.567369e+00
phis_m,2,5.759587,5.623413e-04,1.998214e-10,1.998213e-10,1.457281e+00
phis_m,2,5.759587,1.000000e-03,1.338680e-10,1.338682e-10,1.347183e+00
phis_m,2,5.759587,1.778279e-03,4.072965e-11,4.072985e-11,1.237071e+00
phis_m,2,5.759587,3.162278e-03,2.527602e-11,2.527616e-11,1.126937e+00
phis_m,2,5.759587,5.623413e-03,1.308207e-11,1.308207e-11,1.016771e+00
phis_m,2,5.759587,1.000000e-02,3.238854e-12,3.238687e-12,9.065640e-01
phis_m,2,5.759587,1.778279e-02,2.689089e-14,2.689089e-14,7.963130e-01
phis_m,2,5.759587,3.162278e-02,1.683484e-13,1.681678e-13,6.860489e-01
phis_m,2,5.759587,5.623413e-02,6.520685e-14,6.542201e-14,5.759025e-01
phis_m,2,5.759587,1.000000e-01,3.411262e-15,4.105201e-15,4.662692e-01
phis_m,2,5.759587,1.778279e-01,8.958319e-15,9.304235e-15,3.581723e-01
phis_m,2,5.759587,3.162278e-01,1.327215e-14,1.150986e-14,2.539487e-01
phis_m,2,5.759587,5.623413e-01,2.394212e-15,2.632976e-15,1.582107e-01
phis_m,2,5.759587,1.000000e+00,3.445551e-15,3.445551e-15,7.843761e-02
src_m,2,0.000000,1.000000e-12,4.161535e+60,3.326494e+60,4.769485e+08
src_m,2,0.000000,1.778279e-12,3.069740e+60,9.982461e+60,2.682079e+08
src_m,2,0.000000,3.162278e-12,5.298888e+60,1.764430e+59,1.508244e+08
src_m,2,0.000000,5.623413e-12,2.278810e+60,2.598834e+60,8.481477e+07
src_m,2,0.000000,1.000000e-11,1.799455e+60,1.877185e+60,4.769485e+07
src_m,2,0.000000,1.778279e-11,3.453530e+59,2.414552e+59,2.682079e+07
src_m,2,0.000000,3.162278e-11,1.445079e+51,2.864797e+59,1.508244e+07
src_m,2,0.000000,5.623413e-11,7.328974e+58,3.372246e+59,8.481477e+06
src_m,2,0.000000,1.000000e-10,2.703094e+58,1.755431e+59,4.769485e+06
src_m,2,0.000000,1.778279e-10,1.865430e+58,7.776982e+58,2.682079e+06
src_m,2,0.000000,3.162278e-10,1.718693e+58,2.866095e+58,1.508244e+06
src_m,2,0.000000,5.623413e-10,1.980403e+58,6.601336e+57,8.481477e+05
src_m,2,0.000000,1.000000e-09,5.475822e+57,1.155780e+58,4.769485e+05
src_m,2,0.000000,1.778279e-09,5.603592e+57,5.603786e+57,2.682079e+05
src_m,2,0.000000,3.162278e-09,1.033526e+57,2.581302e+57,1.508244e+05
src_m,2,0.000000,5.623413e-09,4.043373e+57,1.188939e+57,8.481477e+04
src_m,2,0.000000,1.000000e-08,5.473691e+56,4.390585e+56,4.769485e+04
src_m,2,0.000000,1.778279e-08,5.055467e+56,5.112879e+55,2.682078e+04
src_m,2,0.000000,3.162278e-08,1.445028e+54,2.774291e+56,1.508243e+04
src_m,2,0.000000,5.623413e-08,1.954401e+56,1.310387e+56,8.481472e+03
src_m,2,0.000000,1.000000e-07,4.477425e+55,1.032573e+56,4.769480e+03
src_m,2,0.000000,1.778279e-07,8.279896e+55,9.905097e+55,2.682074e+03
src_m,2,0.000000,3.162278e-07,1.097747e-04,2.136855e-04,1.508239e+03
src_m,2,0.000000,5.623413e-07,3.817195e-05,4.878885e-05,8.481433e+02
src_m,2,0.000000,1.000000e-06,7.724137e-05,1.018396e-04,4.769442e+02
src_m,2,0.000000,1.778279e-06,6.570825e-05,1.626962e-05,2.682037e+02
src_m,2,0.000000,3.162278e-06,1.244106e-05,2.635101e-06,1.508204e+02
src_m,2,0.000000,5.623413e-06,1.362329e-05,3.723781e-06,8.481098e+01
src_m,2,0.000000,1.000000e-05,3.805104e-06,6.512175e-06,4.769122e+01
src_m,2,0.000000,1.778279e-05,4.346525e-06,4.032365e-06,2.681732e+01
src_m,2,0.000000,3.162278e-05,2.768707e-06,5.305615e-06,1.507913e+01
src_m,2,0.000000,5.623413e-05,2.300004e-06,2.089948e-06,8.478333e+00
src_m,2,0.000000,1.000000e-04,3.225331e-07,4.482824e-07,4.766502e+00
src_m,2,0.000000,1.778279e-04,1.226885e-07,2.114612e-08,2.679256e+00
src_m,2,0.000000,3.162278e-04,3.630212e-07,3.526333e-08,1.505582e+00
src_m,2,0.000000,5.623413e-04,8.407434e-09,4.516054e-10,8.456466e-01
src_m,2,0.000000,1.000000e-03,5.436066e-08,3.899970e-08,4.746082e-01
src_m,2,0.000000,1.778279e-03,1.281201e-08,3.749279e-09,2.660283e-01
src_m,2,0.000000,3.162278e-03,1.210688e-08,2.198821e-08,1.488056e-01
src_m,2,0.000000,5.623413e-03,1.420183e-08,2.111412e-08,8.295690e-02
src_m,2,0.000000,1.000000e-02,8.480375e-09,1.052498e-09,4.599796e-02
src_m,2,0.000000,1.778279e-02,1.521145e-09,2.506987e-09,2.528502e-02
src_m,2,0.000000,3.162278e-02,2.902691e-09,1.827737e-09,1.370804e-02
src_m,2,0.000000,5.623413e-02,1.021602e-10,3.271164e-10,7.268798e-03
src_m,2,0.000000,1.000000e-01,1.607758e-10,3.282916e-10,3.719033e-03
src_m,2,0.000000,1.778279e-01,7.485926e-11,3.185281e-10,1.794323e-03
src_m,2,0.000000,3.162278e-01,2.117668e-10,3.103505e-10,7.823980e-04
src_m,2,0.000000,5.623413e-01,1.416701e-10,1.084514e-10,2.773102e-04
src_m,2,0.000000,1.000000e+00,9.039516e-10,9.039516e-10,3.524218e-05
src_m,2,0.523599,1.000000e-12,2.244218e+61,1.236675e+61,1.984622e+07
src_m,2,0.523599,1.778279e-12,6.352149e+60,1.952123e+61,1.116035e+07
src_m,2,0.523599,3.162278e-12,1.836364e+60,1.835312e+60,6.275927e+06
src_m,2,0.523599,5.623413e-12,1.462661e+60,4.583389e+59,3.529213e+06
src_m,2,0.523599,1.000000e-11,3.569713e+59,1.347658e+60,1.984622e+06
src_m,2,0.523599,1.778279e-11,3.590530e+59,5.722072e+59,1.116035e+06
src_m,2,0.523599,3.162278e-11,9.816770e+58,3.308232e+59,6.275927e+05
src_m,2,0.523599,5.623413e-11,1.976172e+59,1.769670e+59,3.529213e+05
src_m,2,0.523599,1.000000e-10,1.098171e+53,6.069080e+58,1.984622e+05
src_m,2,0.523599,1.778279e-10,8.825734e+58,5.591665e+58,1.116035e+05
src_m,2,0.523599,3.162278e-10,2.575890e+58,2.979681e+58,6.275926e+04
src_m,2,0.523599,5.623413e-10,3.187905e+58,9.652518e+57,3.529212e+04
src_m,2,0.523599,1.000000e-09,1.098171e+54,3.751810e+57,1.984622e+04
src_m,2,0.523599,1.778279e-09,1.007505e+58,1.683657e+58,1.116035e+04
src_m,2,0.523599,3.162278e-09,7.307975e+56,7.327705e+57,6.275921e+03
src_m,2,0.523599,5.623413e-09,3.032822e+57,1.410074e+57,3.529208e+03
src_m,2,0.523599,1.000000e-08,8.815716e+55,6.357532e+56,1.984617e+03
src_m,2,0.523599,1.778279e-08,1.361934e+56,9.588844e+56,1.116030e+03
src_m,2,0.523599,3.162278e-08,6.249849e+56,2.109569e+56,6.275878e+02
src_m,2,0.523599,5.623413e-08,5.190187e-03,9.205528e-04,3.529166e+02
src_m,2,0.523599,1.000000e-07,4.436972e-04,4.150382e-04,1.984577e+02
src_m,2,0.523599,1.778279e-07,1.192832e-03,3.868909e-05,1.115991e+02
src_m,2,0.523599,3.162278e-07,4.454232e-04,1.011789e-04,6.275502e+01
src_m,2,0.523599,5.623413e-07,2.980298e-04,2.264839e-04,3.528804e+01
src_m,2,0.523599,1.000000e-06,1.316086e-04,1.249190e-04,1.984229e+01
src_m,2,0.523599,1.778279e-06,2.845643e-05,1.049678e-04,1.115658e+01
src_m,2,0.523599,3.162278e-06,2.320564e-05,4.307643e-05,6.272319e+00
src_m,2,0.523599,5.623413e-06,6.990553e-06,2.239690e-05,3.525765e+00
src_m,2,0.523599,1.000000e-05,9.086267e-06,4.078537e-06,1.981335e+00
src_m,2,0.523599,1.778279e-05,3.904152e-06,2.193413e-06,1.112909e+00
src_m,2,0.523599,3.162278e-05,1.613635e-06,7.170552e-07,6.246272e-01
src_m,2,0.523599,5.623413e-05,6.323393e-07,7.513129e-07,3.501166e-01
src_m,2,0.523599,1.000000e-04,5.096260e-07,1.275719e-07,1.958182e-01
src_m,2,0.523599,1.778279e-04,5.371197e-07,7.462657e-07,1.091202e-01
src_m,2,0.523599,3.162278e-04,3.862588e-07,7.869511e-08,6.043670e-02
src_m,2,0.523599,5.623413e-04,2.374676e-07,1.678228e-07,3.313030e-02
src_m,2,0.523599,1.000000e-03,4.826695e-08,2.292665e-08,1.784514e-02
src_m,2,0.523599,1.778279e-03,5.072629e-08,1.168738e-07,9.320048e-03
src_m,2,0.523599,3.162278e-03,4.091035e-09,5.549067e-09,4.596443e-03
src_m,2,0.523599,5.623413e-03,5.023565e-09,2.288893e-08,2.010621e-03
src_m,2,0.523599,1.000000e-02,2.937861e-08,2.996202e-08,6.270507e-04
src_m,2,0.523599,1.778279e-02,2.244299e-08,3.878725e-08,8.029163e-05
src_m,2,0.523599,3.162278e-02,1.885371e-09,1.227257e-09,4.071134e-04
src_m,2,0.523599,5.623413e-02,2.138309e-10,4.911137e-10,5.196681e-04
src_m,2,0.523599,1.000000e-01,6.545691e-11,1.021037e-11,5.119828e-04
src_m,2,0.523599,1.778279e-01,1.307239e-10,1.086359e-10,4.398821e-04
src_m,2,0.523599,3.162278e-01,2.961066e-11,1.119105e-11,3.440638e-04
src_m,2,0.523599,5.623413e-01,6.351365e-12,4.729943e-12,2.602810e-04
src_m,2,0.523599,1.000000e+00,3.846184e-12,1.028281e-11,1.717336e-04
src_m,2,1.047198,1.000000e-12,1.049558e+61,2.266318e+61,3.945799e+06
src_m,2,1.047198,1.778279e-12,4.834998e+60,4.073749e+60,2.218886e+06
src_m,2,1.047198,3.162278e-12,4.454677e+60,5.282672e+60,1.247771e+06
src_m,2,1.047198,5.623413e-12,2.756556e+60,4.424496e+60,7.016734e+05
src_m,2,1.047198,1.000000e-11,2.836073e+60,5.523474e+52,3.945799e+05
src_m,2,1.047198,1.778279e-11,4.354980e+59,6.662254e+59,2.218886e+05
src_m,2,1.047198,3.162278e-11,2.006210e+59,6.289154e+58,1.247771e+05
src_m,2,1.047198,5.623413e-11,5.545204e+59,7.103950e+59,7.016733e+04
src_m,2,1.047198,1.000000e-10,2.421050e+59,1.703026e+59,3.945799e+04
src_m,2,1.047198,1.778279e-10,1.569037e+59,1.961308e+59,2.218885e+04
src_m,2,1.047198,3.162278e-10,3.614240e+58,5.662841e+57,1.247771e+04
src_m,2,1.047198,5.623413e-10,3.106082e+54,3.330107e+58,7.016728e+03
src_m,2,1.047198,1.000000e-09,3.068418e+58,1.294057e+58,3.945794e+03
src_m,2,1.047198,1.778279e-09,3.523365e+57,2.825566e+58,2.218881e+03
src_m,2,1.047198,3.162278e-09,3.782966e+57,3.782963e+57,1.247766e+03
src_m,2,1.047198,5.623413e-09,5.172913e+57,6.029505e+57,7.016682e+02
src_m,2,1.047198,1.000000e-08,1.542983e+57,2.708083e+57,3.945749e+02
src_m,2,1.047198,1.778279e-08,1.374291e+57,4.164725e+56,2.218837e+02
src_m,2,1.047198,3.162278e-08,1.855774e-02,4.061620e-03,1.247724e+02
src_m,2,1.047198,5.623413e-08,3.866159e-03,1.585014e-03,7.016275e+01
src_m,2,1.047198,1.000000e-07,6.387576e-04,1.884900e-03,3.945357e+01
src_m,2,1.047198,1.778279e-07,2.042636e-03,1.174421e-03,2.218460e+01
src_m,2,1.047198,3.162278e-07,1.012471e-03,5.515451e-04,1.247361e+01
src_m,2,1.047198,5.623413e-07,8.965570e-04,3.956445e-04,7.012791e+00
src_m,2,1.047198,1.000000e-06,1.702411e-06,1.656749e-04,3.942017e+00
src_m,2,1.047198,1.778279e-06,4.693262e-05,1.798439e-04,2.215265e+00
src_m,2,1.047198,3.162278e-06,4.011547e-05,1.121837e-04,1.244311e+00
src_m,2,1.047198,5.623413e-06,6.600997e-07,2.162030e-05,6.983735e-01
src_m,2,1.047198,1.000000e-05,3.189626e-05,2.076072e-05,3.914408e-01
src_m,2,1.047198,1.778279e-05,2.005591e-06,4.410645e-06,2.189102e-01
src_m,2,1.047198,3.162278e-05,5.663984e-06,4.565771e-06,1.219594e-01
src_m,2,1.047198,5.623413e-05,4.239772e-06,7.124950e-08,6.751032e-02
src_m,2,1.047198,1.000000e-04,1.294278e-06,9.984110e-07,3.696169e-02
src_m,2,1.047198,1.778279e-04,6.882371e-07,1.456860e-06,1.985328e-02
src_m,2,1.047198,3.162278e-04,2.226226e-07,2.760747e-07,1.030285e-02
src_m,2,1.047198,5.623413e-04,2.395579e-07,2.014022e-07,5.002595e-03
src_m,2,1.047198,1.000000e-03,5.638101e-08,1.806882e-07,2.092397e-03
src_m,2,1.047198,1.778279e-03,1.100110e-07,2.196410e-07,5.262374e-04
src_m,2,1.047198,3.162278e-03,2.156162e-08,2.845360e-07,2.840892e-04
src_m,2,1.047198,5.623413e-03,5.680670e-09,1.840279e-08,6.693323e-04
src_m,2,1.047198,1.000000e-02,5.697867e-10,3.522042e-09,8.154407e-04
src_m,2,1.047198,1.778279e-02,2.992887e-09,2.310595e-09,8.269140e-04
src_m,2,1.047198,3.162278e-02,1.481955e-10,2.317490e-10,7.625054e-04
src_m,2,1.047198,5.623413e-02,2.199117e-10,3.619726e-11,6.557466e-04
src_m,2,1.047198,1.000000e-01,2.279746e-11,2.040408e-11,5.281538e-04
src_m,2,1.047198,1.778279e-01,6.381312e-12,1.699314e-11,4.005143e-04
src_m,2,1.047198,3.162278e-01,1.428363e-11,1.229610e-11,2.981243e-04
src_m,2,1.047198,5.623413e-01,5.902740e-12,7.487854e-12,2.024267e-04
src_m,2,1.047198,1.000000e+00,1.880024e-12,5.693110e-12,1.195802e-04
src_m,2,1.570796,1.000000e-12,1.359116e+70,3.392356e+69,7.599553e-03
src_m,2,1.570796,1.778279e-12,2.556719e+69,1.039365e+69,7.438892e-03
src_m,2,1.570796,3.162278e-12,2.994492e+60,4.013567e+68,7.278208e-03
src_m,2,1.570796,5.623413e-12,3.586517e+68,1.063397e+68,7.117511e-03
src_m,2,1.570796,1.000000e-11,7.734447e+67,5.240092e+66,6.956808e-03
src_m,2,1.570796,1.778279e-11,1.773105e+67,1.495051e+67,6.796100e-03
src_m,2,1.570796,3.162278e-11,4.704548e+66,8.672060e+66,6.635391e-03
src_m,2,1.570796,5.623413e-11,3.355419e+66,6.244915e+66,6.474680e-03
src_m,2,1.570796,1.000000e-10,1.223150e+66,5.075681e+65,6.313968e-03
src_m,2,1.570796,1.778279e-10,4.686310e+65,3.527793e+65,6.153256e-03
src_m,2,1.570796,3.162278e-10,7.357876e+63,5.427128e+64,5.992543e-03
src_m,2,1.570796,5.623413e-10,1.444381e+64,3.160054e+64,5.831831e-03
src_m,2,1.570796,1.000000e-09,3.843075e+60,1.434814e+64,5.671118e-03
src_m,2,1.570796,1.778279e-09,3.822420e+63,7.370726e+63,5.510405e-03
src_m,2,1.570796,3.162278e-09,8.685392e+62,5.516824e+62,5.349693e-03
src_m,2,1.570796,5.623413e-09,7.231828e+62,2.883071e+62,5.188980e-03
src_m,2,1.570796,1.000000e-08,1.694363e+61,2.409390e+62,5.028267e-03
src_m,2,1.570796,1.778279e-08,5.307829e+61,3.737463e+61,4.867555e-03
src_m,2,1.570796,3.162278e-08,1.274164e+01,7.568259e+01,4.706842e-03
src_m,2,1.570796,5.623413e-08,3.593189e+01,9.226560e+01,4.546129e-03
src_m,2,1.570796,1.000000e-07,6.239469e+00,2.613456e+01,4.385417e-03
src_m,2,1.570796,1.778279e-07,1.194140e+01,6.029131e+00,4.224704e-03
src_m,2,1.570796,3.162278e-07,5.702058e-01,6.434884e-01,4.063991e-03
src_m,2,1.570796,5.623413e-07,6.153027e-02,5.814608e-01,3.903279e-03
src_m,2,1.570796,1.000000e-06,1.419627e-01,2.798163e-02,3.742566e-03
src_m,2,1.570796,1.778279e-06,7.819030e-02,5.432188e-02,3.581853e-03
src_m,2,1.570796,3.162278e-06,3.015908e-02,7.295731e-03,3.421141e-03
src_m,2,1.570796,5.623413e-06,2.058725e-03,5.089209e-03,3.260428e-03
src_m,2,1.570796,1.000000e-05,3.625123e-03,2.822429e-03,3.099715e-03
src_m,2,1.570796,1.778279e-05,2.854680e-05,2.293048e-04,2.939003e-03
src_m,2,1.570796,3.162278e-05,1.292827e-04,1.536413e-04,2.778290e-03
src_m,2,1.570796,5.623413e-05,1.822506e-05,1.325440e-04,2.617577e-03
src_m,2,1.570796,1.000000e-04,1.122699e-06,1.741479e-05,2.456865e-03
src_m,2,1.570796,1.778279e-04,1.652582e-06,9.802896e-07,2.296152e-03
src_m,2,1.570796,3.162278e-04,1.032570e-06,1.682728e-06,2.135438e-03
src_m,2,1.570796,5.623413e-04,1.067767e-06,3.400684e-07,1.974724e-03
src_m,2,1.570796,1.000000e-03,1.795988e-07,2.753510e-07,1.814007e-03
src_m,2,1.570796,1.778279e-03,2.134855e-08,1.130825e-08,1.653282e-03
src_m,2,1.570796,3.162278e-03,1.124566e-08,5.127769e-09,1.492537e-03
src_m,2,1.570796,5.623413e-03,2.852796e-09,2.580292e-09,1.331743e-03
src_m,2,1.570796,1.000000e-02,2.137786e-09,6.779553e-10,1.170841e-03
src_m,2,1.570796,1.778279e-02,1.341298e-10,6.212257e-10,1.009738e-03
src_m,2,1.570796,3.162278e-02,4.425535e-10,4.231060e-10,8.484363e-04
src_m,2,1.570796,5.623413e-02,1.252041e-10,2.625240e-11,6.877302e-04
src_m,2,1.570796,1.000000e-01,3.669570e-12,2.637990e-11,5.317917e-04
src_m,2,1.570796,1.778279e-01,1.264051e-12,6.606557e-12,3.938808e-04
src_m,2,1.570796,3.162278e-01,5.336705e-12,3.878287e-13,2.929179e-04
src_m,2,1.570796,5.623413e-01,5.061807e-12,4.584945e-12,1.708489e-04
src_m,2,1.570796,1.000000e+00,7.096325e-12,7.126956e-12,3.516561e-04
src_m,2,2.094395,1.000000e-12,4.935177e+60,1.050808e+61,3.945799e+06
src_m,2,2.094395,1.778279e-12,4.834998e+60,8.147497e+60,2.218886e+06
src_m,2,2.094395,3.162278e-12,3.491092e+59,6.329423e+60,1.247771e+06
src_m,2,2.094395,5.623413e-12,1.347716e+60,1.025738e+60,7.016734e+05
src_m,2,2.094395,1.000000e-11,2.836073e+60,5.523452e+52,3.945800e+05
src_m,2,2.094395,1.778279e-11,9.392549e+59,6.825981e+58,2.218886e+05
src_m,2,2.094395,3.162278e-11,1.746674e+53,2.006252e+59,1.247771e+05
src_m,2,2.094395,5.623413e-11,5.834918e+59,3.106082e+53,7.016735e+04
src_m,2,2.094395,1.000000e-10,1.569547e+59,9.849798e+58,3.945800e+04
src_m,2,2.094395,1.778279e-10,2.692869e+58,1.463228e+58,2.218887e+04
src_m,2,2.094395,3.162278e-10,5.420918e+58,2.373652e+58,1.247772e+04
src_m,2,2.094395,5.623413e-10,1.143296e+58,1.404253e+58,7.016740e+03
src_m,2,2.094395,1.000000e-09,2.059915e+58,3.594943e+58,3.945805e+03
src_m,2,2.094395,1.778279e-09,1.525007e+58,3.774745e+58,2.218892e+03
src_m,2,2.094395,3.162278e-09,3.237778e+57,4.293152e+57,1.247777e+03
src_m,2,2.094395,5.623413e-09,4.702750e+57,3.106056e+55,7.016786e+02
src_m,2,2.094395,1.000000e-08,3.983553e+57,6.355779e+56,3.945850e+02
src_m,2,2.094395,1.778279e-08,5.351701e+56,5.382462e+56,2.218935e+02
src_m,2,2.094395,3.162278e-08,3.469803e-03,4.448356e-03,1.247819e+02
src_m,2,2.094395,5.623413e-08,2.462892e-04,2.136222e-03,7.017193e+01
src_m,2,2.094395,1.000000e-07,4.134124e-05,4.488645e-03,3.946242e+01
src_m,2,2.094395,1.778279e-07,1.870860e-03,2.671120e-03,2.219313e+01
src_m,2,2.094395,3.162278e-07,3.959026e-04,3.558457e-04,1.248182e+01
src_m,2,2.094395,5.623413e-07,7.110766e-05,6.252968e-05,7.020677e+00
src_m,2,2.094395,1.000000e-06,1.985054e-04,4.564961e-05,3.949581e+00
src_m,2,2.094395,1.778279e-06,5.168479e-05,1.592306e-05,2.222507e+00
src_m,2,2.094395,3.162278e-06,3.799121e-05,4.347626e-05,1.251232e+00
src_m,2,2.094395,5.623413e-06,3.937054e-05,3.127703e-05,7.049733e-01
src_m,2,2.094395,1.000000e-05,1.494333e-05,2.706386e-06,3.977191e-01
src_m,2,2.094395,1.778279e-05,2.427824e-06,4.495663e-06,2.248671e-01
src_m,2,2.094395,3.162278e-05,3.044072e-06,6.095429e-06,1.275949e-01
src_m,2,2.094395,5.623413e-05,4.389890e-06,1.727803e-06,7.282437e-02
src_m,2,2.094395,1.000000e-04,8.695856e-08,5.887856e-08,4.195431e-02
src_m,2,2.094395,1.778279e-04,7.122281e-07,2.317838e-07,2.452447e-02
src_m,2,2.094395,3.162278e-04,4.432591e-08,1.313171e-07,1.465262e-02
src_m,2,2.094395,5.623413e-04,1.044037e-08,1.996556e-08,9.030936e-03
src_m,2,2.094395,1.000000e-03,3.194925e-08,9.493765e-08,5.799305e-03
src_m,2,2.094395,1.778279e-03,1.739402e-08,4.101936e-08,3.911700e-03
src_m,2,2.094395,3.162278e-03,1.906048e-08,1.371263e-08,2.779896e-03
src_m,2,2.094395,5.623413e-03,3.832450e-10,7.922985e-09,2.073095e-03
src_m,2,2.094395,1.000000e-02,4.391176e-10,2.395084e-09,1.605244e-03
src_m,2,2.094395,1.778279e-02,1.504032e-09,1.019586e-09,1.271664e-03
src_m,2,2.094395,3.162278e-02,6.144598e-10,2.976407e-11,1.013482e-03
src_m,2,2.094395,5.623413e-02,1.687455e-10,2.674600e-10,7.980656e-04
src_m,2,2.094395,1.000000e-01,5.556031e-11,2.104459e-11,6.096945e-04
src_m,2,2.094395,1.778279e-01,3.628167e-12,3.403818e-12,4.484581e-04
src_m,2,2.094395,3.162278e-01,1.608778e-11,1.014394e-11,3.295233e-04
src_m,2,2.094395,5.623413e-01,4.776313e-12,2.313049e-12,2.267668e-04
src_m,2,2.094395,1.000000e+00,1.548655e-11,6.405382e-12,1.666650e-04
src_m,2,2.617994,1.000000e-12,1.122109e+61,1.749131e+61,1.984622e+07
src_m,2,2.617994,1.778279e-12,3.446146e+60,9.168324e+60,1.116035e+07
src_m,2,2.617994,3.162278e-12,1.836364e+60,4.973702e+59,6.275927e+06
src_m,2,2.617994,5.623413e-12,4.890057e+60,1.003776e+60,3.529213e+06
src_m,2,2.617994,1.000000e-11,1.136386e+60,5.682141e+59,1.984622e+06
src_m,2,2.617994,1.778279e-11,5.721507e+59,6.208638e+59,1.116035e+06
src_m,2,2.617994,3.162278e-11,1.429926e+59,4.289949e+59,6.275927e+05
src_m,2,2.617994,5.623413e-11,6.175440e+52,2.634884e+59,3.529213e+05
src_m,2,2.617994,1.000000e-10,5.117816e+58,1.132034e+58,1.984622e+05
src_m,2,2.617994,1.778279e-10,8.387517e+58,1.118335e+59,1.116035e+05
src_m,2,2.617994,3.162278e-10,3.460175e+58,1.691729e+58,6.275928e+04
src_m,2,2.617994,5.623413e-10,2.373240e+58,2.001378e+58,3.529214e+04
src_m,2,2.617994,1.000000e-09,7.179080e+57,8.557174e+56,1.984623e+04
src_m,2,2.617994,1.778279e-09,1.259332e+58,2.516322e+57,1.116036e+04
src_m,2,2.617994,3.162278e-09,3.483750e+57,1.959997e+57,6.275932e+03
src_m,2,2.617994,5.623413e-09,2.299030e+57,2.311381e+57,3.529218e+03
src_m,2,2.617994,1.000000e-08,1.072920e+57,1.433684e+56,1.984628e+03
src_m,2,2.617994,1.778279e-08,1.568246e+57,4.341215e+56,1.116040e+03
src_m,2,2.617994,3.162278e-08,3.700867e+55,1.064625e+56,6.275976e+02
src_m,2,2.617994,5.623413e-08,2.005805e-03,2.303068e-03,3.529260e+02
src_m,2,2.617994,1.000000e-07,1.372545e-03,1.486474e-03,1.984668e+02
src_m,2,2.617994,1.778279e-07,8.242408e-04,4.971616e-04,1.116079e+02
src_m,2,2.617994,3.162278e-07,1.000649e-04,2.611957e-04,6.276352e+01
src_m,2,2.617994,5.623413e-07,2.186235e-04,3.043902e-04,3.529622e+01
src_m,2,2.617994,1.000000e-06,4.005369e-04,2.022940e-06,1.985015e+01
src_m,2,2.617994,1.778279e-06,5.356525e-05,1.223522e-04,1.116412e+01
src_m,2,2.617994,3.162278e-06,1.157656e-05,1.509163e-05,6.279535e+00
src_m,2,2.617994,5.623413e-06,2.094024e-05,1.361389e-05,3.532661e+00
src_m,2,2.617994,1.000000e-05,8.000215e-06,6.217377e-06,1.987909e+00
src_m,2,2.617994,1.778279e-05,1.020321e-06,5.201348e-06,1.119161e+00
src_m,2,2.617994,3.162278e-05,6.550563e-06,1.257881e-06,6.305582e-01
src_m,2,2.617994,5.623413e-05,2.174324e-06,1.833099e-07,3.557261e-01
src_m,2,2.617994,1.000000e-04,6.008533e-07,2.015753e-07,2.011063e-01
src_m,2,2.617994,1.778279e-04,9.580571e-07,2.893342e-07,1.140869e-01
src_m,2,2.617994,3.162278e-04,1.538107e-07,4.400151e-07,6.508191e-02
src_m,2,2.617994,5.623413e-04,2.940880e-08,5.089444e-08,3.745408e-02
src_m,2,2.617994,1.000000e-03,7.595532e-08,1.051206e-10,2.184749e-02
src_m,2,2.617994,1.778279e-03,1.474949e-08,8.300068e-10,1.300097e-02
src_m,2,2.617994,3.162278e-03,9.179326e-09,2.070066e-08,7.955911e-03
src_m,2,2.617994,5.623413e-03,4.505488e-09,3.367171e-09,5.048601e-03
src_m,2,2.617994,1.000000e-02,1.214060e-09,3.239469e-09,3.343443e-03
src_m,2,2.617994,1.778279e-02,2.022814e-09,1.155127e-09,2.314288e-03
src_m,2,2.617994,3.162278e-02,1.128324e-09,5.829757e-10,1.665195e-03
src_m,2,2.617994,5.623413e-02,1.119525e-10,9.166514e-11,1.229713e-03
src_m,2,2.617994,1.000000e-01,5.847289e-11,8.394280e-11,9.147040e-04
src_m,2,2.617994,1.778279e-01,2.322893e-11,4.419183e-11,6.706401e-04
src_m,2,2.617994,3.162278e-01,1.996317e-11,1.109670e-11,4.798058e-04
src_m,2,2.617994,5.623413e-01,6.930578e-12,2.479100e-12,3.499596e-04
src_m,2,2.617994,1.000000e+00,2.131058e-12,4.342641e-12,2.403174e-04
src_m,2,3.141593,1.000000e-12,7.493356e+60,8.309763e+60,4.769485e+08
src_m,2,3.141593,1.778279e-12,8.152108e+49,9.982461e+60,2.682079e+08
src_m,2,3.141593,3.162278e-12,8.831480e+59,2.831360e+60,1.508244e+08
src_m,2,3.141593,5.623413e-12,2.603268e+60,1.948493e+60,8.481477e+07
src_m,2,3.141593,1.000000e-11,1.799455e+60,7.485348e+58,4.769485e+07
src_m,2,3.141593,1.778279e-11,5.180296e+59,9.668961e+59,2.682079e+07
src_m,2,3.141593,3.162278e-11,6.363752e+59,1.273794e+59,1.508244e+07
src_m,2,3.141593,5.623413e-11,2.569752e+51,2.639347e+59,8.481477e+06
src_m,2,3.141593,1.000000e-10,1.012872e+59,6.731436e+57,4.769485e+06
src_m,2,3.141593,1.778279e-10,6.531426e+58,3.420904e+58,2.682079e+06
src_m,2,3.141593,3.162278e-10,2.857065e+57,5.446475e+58,1.508244e+06
src_m,2,3.141593,5.623413e-10,3.300679e+58,7.917546e+57,8.481477e+05
src_m,2,3.141593,1.000000e-09,4.869508e+57,1.520516e+58,4.769485e+05
src_m,2,3.141593,1.778279e-09,6.162376e+57,2.801771e+57,2.682079e+05
src_m,2,3.141593,3.162278e-09,1.033526e+57,7.744193e+57,1.508244e+05
src_m,2,3.141593,5.623413e-09,2.496680e+57,1.664987e+57,8.481478e+04
src_m,2,3.141593,1.000000e-08,5.482829e+56,5.473682e+56,4.769486e+04
src_m,2,3.141593,1.778279e-08,6.061789e+56,2.515544e+56,2.682079e+04
src_m,2,3.141593,3.162278e-08,2.107816e+56,2.542498e+56,1.508244e+04
src_m,2,3.141593,5.623413e-08,3.477030e+55,2.167957e+56,8.481482e+03
src_m,2,3.141593,1.000000e-07,4.569573e+54,4.477416e+55,4.769490e+03
src_m,2,3.141593,1.778279e-07,5.358829e+55,1.399809e+56,2.682083e+03
src_m,2,3.141593,3.162278e-07,4.403773e-04,5.291798e-04,1.508248e+03
src_m,2,3.141593,5.623413e-07,1.486923e-04,2.454581e-04,8.481521e+02
src_m,2,3.141593,1.000000e-06,8.245328e-05,2.233096e-05,4.769528e+02
src_m,2,3.141593,1.778279e-06,1.198151e-06,7.879955e-05,2.682120e+02
src_m,2,3.141593,3.162278e-06,5.441865e-05,3.331115e-05,1.508283e+02
src_m,2,3.141593,5.623413e-06,1.670331e-05,5.781023e-06,8.481856e+01
src_m,2,3.141593,1.000000e-05,1.015945e-05,1.566454e-05,4.769848e+01
src_m,2,3.141593,1.778279e-05,7.306756e-06,4.948533e-06,2.682425e+01
src_m,2,3.141593,3.162278e-05,1.810538e-06,3.691631e-06,1.508574e+01
src_m,2,3.141593,5.623413e-05,1.181098e-06,1.024251e-06,8.484621e+00
src_m,2,3.141593,1.000000e-04,1.188371e-06,8.135102e-07,4.772468e+00
src_m,2,3.141593,1.778279e-04,4.674687e-08,3.578842e-07,2.684901e+00
src_m,2,3.141593,3.162278e-04,1.476225e-07,3.308669e-07,1.510906e+00
src_m,2,3.141593,5.623413e-04,2.319056e-07,1.444660e-07,8.506490e-01
src_m,2,3.141593,1.000000e-03,5.269166e-08,1.338495e-08,4.792891e-01
src_m,2,3.141593,1.778279e-03,1.499220e-08,8.590523e-08,2.703878e-01
src_m,2,3.141593,3.162278e-03,5.027870e-09,1.369108e-08,1.528437e-01
src_m,2,3.141593,5.623413e-03,1.804504e-08,2.156839e-08,8.667352e-02
src_m,2,3.141593,1.000000e-02,3.254306e-09,7.818537e-09,4.939311e-02
src_m,2,3.141593,1.778279e-02,1.798436e-09,1.747286e-09,2.835864e-02
src_m,2,3.141593,3.162278e-02,1.781939e-09,3.802322e-10,1.645995e-02
src_m,2,3.141593,5.623413e-02,1.626975e-09,1.276057e-09,9.698616e-03
src_m,2,3.141593,1.000000e-01,5.625351e-10,4.232743e-10,5.825948e-03
src_m,2,3.141593,1.778279e-01,2.695256e-10,4.223107e-10,3.577110e-03
src_m,2,3.141593,3.162278e-01,1.718170e-11,3.713551e-11,2.241053e-03
src_m,2,3.141593,5.623413e-01,1.099680e-10,1.120368e-10,1.421619e-03
src_m,2,3.141593,1.000000e+00,4.947164e-12,4.947164e-12,9.112156e-04
src_m,2,3.665191,1.000000e-12,3.740363e+60,1.749131e+61,1.984622e+07
src_m,2,3.665191,1.778279e-12,6.892292e+60,9.168324e+60,1.116035e+07
src_m,2,3.665191,3.162278e-12,1.338708e+60,4.973702e+59,6.275927e+06
src_m,2,3.665191,5.623413e-12,3.154576e+60,1.003776e+60,3.529213e+06
src_m,2,3.665191,1.000000e-11,1.347608e+60,5.682141e+59,1.984622e+06
src_m,2,3.665191,1.778279e-11,4.748472e+59,6.208638e+59,1.116035e+06
src_m,2,3.665191,3.162278e-11,2.859851e+59,4.289949e+59,6.275927e+05
src_m,2,3.665191,5.623413e-11,2.064938e+58,2.634884e+59,3.529213e+05
src_m,2,3.665191,1.000000e-10,5.117838e+58,1.132034e+58,1.984622e+05
src_m,2,3.665191,1.778279e-10,8.387556e+58,1.118335e+59,1.116035e+05
src_m,2,3.665191,3.162278e-10,5.151883e+58,1.691729e+58,6.275928e+04
src_m,2,3.665191,5.623413e-10,3.560015e+58,2.001378e+58,3.529214e+04
src_m,2,3.665191,1.000000e-09,1.007737e+58,8.557174e+56,1.984623e+04
src_m,2,3.665191,1.778279e-09,5.827918e+57,2.516322e+57,1.116036e+04
src_m,2,3.665191,3.162278e-09,3.916518e+57,1.959997e+57,6.275932e+03
src_m,2,3.665191,5.623413e-09,5.724304e+56,2.311381e+57,3.529218e+03
src_m,2,3.665191,1.000000e-08,7.642195e+56,1.433684e+56,1.984628e+03
src_m,2,3.665191,1.778279e-08,1.752491e+56,4.341215e+56,1.116040e+03
src_m,2,3.665191,3.162278e-08,8.051447e+56,1.064625e+56,6.275976e+02
src_m,2,3.665191,5.623413e-08,3.620165e-04,2.303068e-03,3.529260e+02
src_m,2,3.665191,1.000000e-07,2.679741e-04,1.486474e-03,1.984668e+02
src_m,2,3.665191,1.778279e-07,3.739183e-04,4.971616e-04,1.116079e+02
src_m,2,3.665191,3.162278e-07,5.042875e-05,2.611957e-04,6.276352e+01
src_m,2,3.665191,5.623413e-07,3.158359e-04,3.043902e-04,3.529622e+01
src_m,2,3.665191,1.000000e-06,2.278366e-04,2.022940e-06,1.985015e+01
src_m,2,3.665191,1.778279e-06,1.182219e-04,1.223522e-04,1.116412e+01
src_m,2,3.665191,3.162278e-06,7.093820e-05,1.509163e-05,6.279535e+00
src_m,2,3.665191,5.623413e-06,1.050169e-05,1.361389e-05,3.532661e+00
src_m,2,3.665191,1.000000e-05,2.633810e-06,6.217377e-06,1.987909e+00
src_m,2,3.665191,1.778279e-05,9.297287e-06,5.201348e-06,1.119161e+00
src_m,2,3.665191,3.162278e-05,5.392297e-07,1.257881e-06,6.305582e-01
src_m,2,3.665191,5.623413e-05,1.060945e-06,1.833099e-07,3.557261e-01
src_m,2,3.665191,1.000000e-04,4.920599e-07,2.015753e-07,2.011063e-01
src_m,2,3.665191,1.778279e-04,4.944804e-07,2.893342e-07,1.140869e-01
src_m,2,3.665191,3.162278e-04,2.447132e-07,4.400151e-07,6.508191e-02
src_m,2,3.665191,5.623413e-04,5.985337e-08,5.089444e-08,3.745408e-02
src_m,2,3.665191,1.000000e-03,2.135274e-08,1.051214e-10,2.184749e-02
src_m,2,3.665191,1.778279e-03,3.383360e-08,8.300077e-10,1.300097e-02
src_m,2,3.665191,3.162278e-03,1.894990e-08,2.070066e-08,7.955911e-03
src_m,2,3.665191,5.623413e-03,2.144803e-09,3.367172e-09,5.048601e-03
src_m,2,3.665191,1.000000e-02,3.185053e-09,3.239469e-09,3.343443e-03
src_m,2,3.665191,1.778279e-02,2.614872e-09,1.155127e-09,2.314288e-03
src_m,2,3.665191,3.162278e-02,1.358475e-09,5.829756e-10,1.665195e-03
src_m,2,3.665191,5.623413e-02,2.664538e-10,9.166475e-11,1.229713e-03
src_m,2,3.665191,1.000000e-01,2.307594e-11,8.394208e-11,9.147040e-04
src_m,2,3.665191,1.778279e-01,4.294368e-11,4.419197e-11,6.706401e-04
src_m,2,3.665191,3.162278e-01,8.738478e-12,1.109786e-11,4.798058e-04
src_m,2,3.665191,5.623413e-01,2.457100e-12,2.479100e-12,3.499596e-04
src_m,2,3.665191,1.000000e+00,1.349921e-12,4.748179e-12,2.403174e-04
src_m,2,4.188790,1.000000e-12,8.850519e+60,1.050808e+61,3.945799e+06
src_m,2,4.188790,1.778279e-12,9.669996e+60,8.147497e+60,2.218886e+06
src_m,2,4.188790,3.162278e-12,1.878229e+60,6.329423e+60,1.247771e+06
src_m,2,4.188790,5.623413e-12,2.052136e+60,1.025738e+60,7.016734e+05
src_m,2,4.188790,1.000000e-11,1.890715e+60,5.523452e+52,3.945800e+05
src_m,2,4.188790,1.778279e-11,4.354980e+59,6.825981e+58,2.218886e+05
src_m,2,4.188790,3.162278e-11,5.389724e+59,2.006252e+59,1.247771e+05
src_m,2,4.188790,5.623413e-11,1.080069e+60,3.106082e+53,7.016735e+04
src_m,2,4.188790,1.000000e-10,1.836473e+59,9.849798e+58,3.945800e+04
src_m,2,4.188790,1.778279e-10,1.176775e+59,1.463228e+58,2.218887e+04
src_m,2,4.188790,3.162278e-10,6.739326e+57,2.373652e+58,1.247772e+04
src_m,2,4.188790,5.623413e-10,1.925531e+58,1.404253e+58,7.016740e+03
src_m,2,4.188790,1.000000e-09,1.774906e+58,3.594943e+58,3.945805e+03
src_m,2,4.188790,1.778279e-09,8.183728e+57,3.774745e+58,2.218892e+03
src_m,2,4.188790,3.162278e-09,6.493023e+57,4.293152e+57,1.247777e+03
src_m,2,4.188790,5.623413e-09,2.733075e+57,3.106056e+55,7.016786e+02
src_m,2,4.188790,1.000000e-08,2.708014e+57,6.355779e+56,3.945850e+02
src_m,2,4.188790,1.778279e-08,3.197715e+56,5.382462e+56,2.218935e+02
src_m,2,4.188790,3.162278e-08,1.423097e-02,4.448356e-03,1.247819e+02
src_m,2,4.188790,5.623413e-08,1.761125e-03,2.136222e-03,7.017193e+01
src_m,2,4.188790,1.000000e-07,1.381384e-04,4.488645e-03,3.946242e+01
src_m,2,4.188790,1.778279e-07,2.289983e-03,2.671120e-03,2.219313e+01
src_m,2,4.188790,3.162278e-07,1.114422e-03,3.558457e-04,1.248182e+01
src_m,2,4.188790,5.623413e-07,3.736674e-04,6.252968e-05,7.020677e+00
src_m,2,4.188790,1.000000e-06,1.339397e-04,4.564961e-05,3.949581e+00
src_m,2,4.188790,1.778279e-06,2.226512e-04,1.592306e-05,2.222507e+00
src_m,2,4.188790,3.162278e-06,2.431284e-05,4.347626e-05,1.251232e+00
src_m,2,4.188790,5.623413e-06,2.921245e-05,3.127703e-05,7.049733e-01
src_m,2,4.188790,1.000000e-05,7.621498e-06,2.706386e-06,3.977191e-01
src_m,2,4.188790,1.778279e-05,9.277267e-06,4.495663e-06,2.248671e-01
src_m,2,4.188790,3.162278e-05,4.902021e-06,6.095429e-06,1.275949e-01
src_m,2,4.188790,5.623413e-05,6.982709e-06,1.727803e-06,7.282437e-02
src_m,2,4.188790,1.000000e-04,7.630295e-07,5.887856e-08,4.195431e-02
src_m,2,4.188790,1.778279e-04,2.955361e-07,2.317838e-07,2.452447e-02
src_m,2,4.188790,3.162278e-04,1.516978e-07,1.313171e-07,1.465262e-02
src_m,2,4.188790,5.623413e-04,1.319024e-07,1.996556e-08,9.030936e-03
src_m,2,4.188790,1.000000e-03,2.574748e-08,9.493765e-08,5.799305e-03
src_m,2,4.188790,1.778279e-03,1.096050e-09,4.101936e-08,3.911700e-03
src_m,2,4.188790,3.162278e-03,3.762903e-10,1.371263e-08,2.779896e-03
src_m,2,4.188790,5.623413e-03,5.487890e-09,7.922986e-09,2.073095e-03
src_m,2,4.188790,1.000000e-02,2.384605e-09,2.395083e-09,1.605244e-03
src_m,2,4.188790,1.778279e-02,2.490719e-10,1.019587e-09,1.271664e-03
src_m,2,4.188790,3.162278e-02,4.208892e-10,2.976416e-11,1.013482e-03
src_m,2,4.188790,5.623413e-02,3.255960e-10,2.674601e-10,7.980656e-04
src_m,2,4.188790,1.000000e-01,1.503689e-12,2.104498e-11,6.096945e-04
src_m,2,4.188790,1.778279e-01,9.485103e-12,5.839094e-12,4.484581e-04
src_m,2,4.188790,3.162278e-01,6.114881e-12,1.189361e-12,3.295233e-04
src_m,2,4.188790,5.623413e-01,3.953258e-12,2.313449e-12,2.267668e-04
src_m,2,4.188790,1.000000e+00,4.642008e-12,3.412351e-12,1.666650e-04
src_m,2,4.712389,1.000000e-12,1.359073e+70,3.392251e+69,7.599789e-03
src_m,2,4.712389,1.778279e-12,2.556673e+69,1.039346e+69,7.439024e-03
src_m,2,4.712389,3.162278e-12,2.994461e+60,4.013526e+68,7.278282e-03
src_m,2,4.712389,5.623413e-12,3.586496e+68,1.063391e+68,7.117553e-03
src_m,2,4.712389,1.000000e-11,7.734421e+67,5.240074e+66,6.956831e-03
src_m,2,4.712389,1.778279e-11,1.773101e+67,1.495048e+67,6.796114e-03
src_m,2,4.712389,3.162278e-11,4.704543e+66,8.672050e+66,6.635398e-03
src_m,2,4.712389,5.623413e-11,3.355417e+66,6.244911e+66,6.474684e-03
src_m,2,4.712389,1.000000e-10,1.223150e+66,5.075680e+65,6.313970e-03
src_m,2,4.712389,1.778279e-10,4.686309e+65,3.527792e+65,6.153257e-03
src_m,2,4.712389,3.162278e-10,7.357875e+63,5.427127e+64,5.992544e-03
src_m,2,4.712389,5.623413e-10,1.444380e+64,3.160053e+64,5.831831e-03
src_m,2,4.712389,1.000000e-09,3.843075e+60,1.434814e+64,5.671118e-03
src_m,2,4.712389,1.778279e-09,3.822420e+63,7.370726e+63,5.510406e-03
src_m,2,4.712389,3.162278e-09,8.685392e+62,5.516824e+62,5.349693e-03
src_m,2,4.712389,5.623413e-09,7.231828e+62,2.883071e+62,5.188980e-03
src_m,2,4.712389,1.000000e-08,1.694363e+61,2.409390e+62,5.028268e-03
src_m,2,4.712389,1.778279e-08,5.307829e+61,3.737463e+61,4.867555e-03
src_m,2,4.712389,3.162278e-08,1.274164e+01,7.568259e+01,4.706842e-03
src_m,2,4.712389,5.623413e-08,3.593189e+01,9.226560e+01,4.546129e-03
src_m,2,4.712389,1.000000e-07,6.239469e+00,2.613456e+01,4.385417e-03
src_m,2,4.712389,1.778279e-07,1.194140e+01,6.029131e+00,4.224704e-03
src_m,2,4.712389,3.162278e-07,5.702058e-01,6.434884e-01,4.063991e-03
src_m,2,4.712389,5.623413e-07,6.153027e-02,5.814608e-01,3.903279e-03
src_m,2,4.712389,1.000000e-06,1.419627e-01,2.798163e-02,3.742566e-03
src_m,2,4.712389,1.778279e-06,7.819030e-02,5.432188e-02,3.581853e-03
src_m,2,4.712389,3.162278e-06,3.015908e-02,7.295731e-03,3.421141e-03
src_m,2,4.712389,5.623413e-06,2.058725e-03,5.089209e-03,3.260428e-03
src_m,2,4.712389,1.000000e-05,3.625123e-03,2.822429e-03,3.099715e-03
src_m,2,4.712389,1.778279e-05,2.854680e-05,2.293048e-04,2.939003e-03
src_m,2,4.712389,3.162278e-05,1.292827e-04,1.536413e-04,2.778290e-03
src_m,2,4.712389,5.623413e-05,1.822506e-05,1.325440e-04,2.617577e-03
src_m,2,4.712389,1.000000e-04,1.122699e-06,1.741479e-05,2.456865e-03
src_m,2,4.712389,1.778279e-04,1.652582e-06,9.802896e-07,2.296152e-03
src_m,2,4.712389,3.162278e-04,1.032570e-06,1.682728e-06,2.135438e-03
src_m,2,4.712389,5.623413e-04,1.067767e-06,3.400684e-07,1.974724e-03
src_m,2,4.712389,1.000000e-03,1.795988e-07,2.753510e-07,1.814007e-03
src_m,2,4.712389,1.778279e-03,2.134855e-08,1.130825e-08,1.653282e-03
src_m,2,4.712389,3.162278e-03,1.124566e-08,5.127768e-09,1.492537e-03
src_m,2,4.712389,5.623413e-03,2.852796e-09,2.580292e-09,1.331743e-03
src_m,2,4.712389,1.000000e-02,2.137786e-09,6.779550e-10,1.170841e-03
src_m,2,4.712389,1.778279e-02,1.341296e-10,6.212258e-10,1.009738e-03
src_m,2,4.712389,3.162278e-02,4.425539e-10,4.231062e-10,8.484363e-04
src_m,2,4.712389,5.623413e-02,1.252032e-10,2.625349e-11,6.877302e-04
src_m,2,4.712389,1.000000e-01,3.671214e-12,2.637825e-11,5.317917e-04
src_m,2,4.712389,1.778279e-01,1.274840e-12,6.606864e-12,3.938808e-04
src_m,2,4.712389,3.162278e-01,5.339483e-12,3.872090e-13,2.929179e-04
src_m,2,4.712389,5.623413e-01,5.063263e-12,5.083060e-12,1.708489e-04
src_m,2,4.712389,1.000000e+00,7.114834e-12,7.127128e-12,3.516561e-04
src_m,2,5.235988,1.000000e-12,1.049558e+61,2.266318e+61,3.945799e+06
src_m,2,5.235988,1.778279e-12,4.834998e+60,4.073749e+60,2.218886e+06
src_m,2,5.235988,3.162278e-12,4.454677e+60,5.282672e+60,1.247771e+06
src_m,2,5.235988,5.623413e-12,2.756556e+60,4.424496e+60,7.016734e+05
src_m,2,5.235988,1.000000e-11,2.836073e+60,5.523474e+52,3.945799e+05
src_m,2,5.235988,1.778279e-11,4.354980e+59,6.662254e+59,2.218886e+05
src_m,2,5.235988,3.162278e-11,2.006210e+59,6.289154e+58,1.247771e+05
src_m,2,5.235988,5.623413e-11,5.545204e+59,7.103950e+59,7.016733e+04
src_m,2,5.235988,1.000000e-10,2.421050e+59,1.703026e+59,3.945799e+04
src_m,2,5.235988,1.778279e-10,1.569037e+59,1.961308e+59,2.218885e+04
src_m,2,5.235988,3.162278e-10,3.614240e+58,5.662841e+57,1.247771e+04
src_m,2,5.235988,5.623413e-10,3.106082e+54,3.330107e+58,7.016728e+03
src_m,2,5.235988,1.000000e-09,3.068418e+58,1.294057e+58,3.945794e+03
src_m,2,5.235988,1.778279e-09,3.523365e+57,2.825566e+58,2.218881e+03
src_m,2,5.235988,3.162278e-09,3.782966e+57,3.782963e+57,1.247766e+03
src_m,2,5.235988,5.623413e-09,5.172913e+57,6.029505e+57,7.016682e+02
src_m,2,5.235988,1.000000e-08,1.542983e+57,2.708083e+57,3.945749e+02
src_m,2,5.235988,1.778279e-08,1.374291e+57,4.164725e+56,2.218837e+02
src_m,2,5.235988,3.162278e-08,1.855774e-02,4.061620e-03,1.247724e+02
src_m,2,5.235988,5.623413e-08,3.866159e-03,1.585014e-03,7.016275e+01
src_m,2,5.235988,1.000000e-07,6.387576e-04,1.884900e-03,3.945357e+01
src_m,2,5.235988,1.778279e-07,2.042636e-03,1.174421e-03,2.218460e+01
src_m,2,5.235988,3.162278e-07,1.012471e-03,5.515451e-04,1.247361e+01
src_m,2,5.235988,5.623413e-07,8.965570e-04,3.956445e-04,7.012791e+00
src_m,2,5.235988,1.000000e-06,1.702411e-06,1.656749e-04,3.942017e+00
src_m,2,5.235988,1.778279e-06,4.693262e-05,1.798439e-04,2.215265e+00
src_m,2,5.235988,3.162278e-06,4.011547e-05,1.121837e-04,1.244311e+00
src_m,2,5.235988,5.623413e-06,6.600997e-07,2.162030e-05,6.983735e-01
src_m,2,5.235988,1.000000e-05,3.189626e-05,2.076072e-05,3.914408e-01
src_m,2,5.235988,1.778279e-05,2.005591e-06,4.410645e-06,2.189102e-01
src_m,2,5.235988,3.162278e-05,5.663984e-06,4.565771e-06,1.219594e-01
src_m,2,5.235988,5.623413e-05,4.239772e-06,7.124950e-08,6.751032e-02
src_m,2,5.235988,1.000000e-04,1.294278e-06,9.984110e-07,3.696169e-02
src_m,2,5.235988,1.778279e-04,6.882371e-07,1.456860e-06,1.985328e-02
src_m,2,5.235988,3.162278e-04,2.226226e-07,2.760747e-07,1.030285e-02
src_m,2,5.235988,5.623413e-04,2.395579e-07,2.014022e-07,5.002595e-03
src_m,2,5.235988,1.000000e-03,5.638101e-08,1.806882e-07,2.092397e-03
src_m,2,5.235988,1.778279e-03,1.100110e-07,2.196410e-07,5.262374e-04
src_m,2,5.235988,3.162278e-03,2.156162e-08,2.845360e-07,2.840892e-04
src_m,2,5.235988,5.623413e-03,5.680671e-09,1.840279e-08,6.693323e-04
src_m,2,5.235988,1.000000e-02,5.697863e-10,3.522042e-09,8.154407e-04
src_m,2,5.235988,1.778279e-02,2.992887e-09,2.310595e-09,8.269140e-04
src_m,2,5.235988,3.162278e-02,1.481961e-10,2.317487e-10,7.625054e-04
src_m,2,5.235988,5.623413e-02,2.199114e-10,3.619703e-11,6.557466e-04
src_m,2,5.235988,1.000000e-01,2.279769e-11,2.040514e-11,5.281538e-04
src_m,2,5.235988,1.778279e-01,6.382101e-12,1.699280e-11,4.005143e-04
src_m,2,5.235988,3.162278e-01,1.428384e-11,1.229483e-11,2.981243e-04
src_m,2,5.235988,5.623413e-01,5.901063e-12,1.332331e-11,2.024267e-04
src_m,2,5.235988,1.000000e+00,1.874007e-12,1.920594e-12,1.195802e-04
src_m,2,5.759587,1.000000e-12,8.653242e+60,1.236675e+61,1.984622e+07
src_m,2,5.759587,1.778279e-12,8.512721e+60,1.952123e+61,1.116035e+07
src_m,2,5.759587,3.162278e-12,2.085191e+60,1.835312e+60,6.275927e+06
src_m,2,5.759587,5.623413e-12,2.925321e+60,4.583389e+59,3.529213e+06
src_m,2,5.759587,1.000000e-11,7.994841e+59,1.347658e+60,1.984622e+06
src_m,2,5.759587,1.778279e-11,7.181060e+59,5.722072e+59,1.116035e+06
src_m,2,5.759587,3.162278e-11,4.289776e+59,3.308232e+59,6.275927e+05
src_m,2,5.759587,5.623413e-11,4.129895e+58,1.769670e+59,3.529213e+05
src_m,2,5.759587,1.000000e-10,1.404070e+59,6.069080e+58,1.984622e+05
src_m,2,5.759587,1.778279e-10,6.468104e+58,5.591665e+58,1.116035e+05
src_m,2,5.759587,3.162278e-10,3.863853e+58,2.979681e+58,6.275926e+04
src_m,2,5.759587,5.623413e-10,4.073938e+57,9.652518e+57,3.529212e+04
src_m,2,5.759587,1.000000e-09,6.322267e+57,3.751810e+57,1.984622e+04
src_m,2,5.759587,1.778279e-09,1.726902e+57,1.683657e+58,1.116035e+04
src_m,2,5.759587,3.162278e-09,4.273242e+57,7.327705e+57,6.275921e+03
src_m,2,5.759587,5.623413e-09,4.281544e+57,1.410074e+57,3.529208e+03
src_m,2,5.759587,1.000000e-08,9.737863e+56,6.357532e+56,1.984617e+03
src_m,2,5.759587,1.778279e-08,4.341253e+56,9.588844e+56,1.116030e+03
src_m,2,5.759587,3.162278e-08,1.025213e+56,2.109569e+56,6.275878e+02
src_m,2,5.759587,5.623413e-08,1.176854e-03,9.205528e-04,3.529166e+02
src_m,2,5.759587,1.000000e-07,2.228670e-04,4.150382e-04,1.984577e+02
src_m,2,5.759587,1.778279e-07,6.060456e-04,3.868909e-05,1.115991e+02
src_m,2,5.759587,3.162278e-07,1.000306e-04,1.011789e-04,6.275502e+01
src_m,2,5.759587,5.623413e-07,1.819204e-04,2.264839e-04,3.528804e+01
src_m,2,5.759587,1.000000e-06,1.987168e-04,1.249190e-04,1.984229e+01
src_m,2,5.759587,1.778279e-06,9.124946e-05,1.049678e-04,1.115658e+01
src_m,2,5.759587,3.162278e-06,1.427640e-05,4.307643e-05,6.272319e+00
src_m,2,5.759587,5.623413e-06,1.502154e-05,2.239690e-05,3.525765e+00
src_m,2,5.759587,1.000000e-05,5.657999e-07,4.078537e-06,1.981335e+00
src_m,2,5.759587,1.778279e-05,7.476005e-06,2.193413e-06,1.112909e+00
src_m,2,5.759587,3.162278e-05,1.564009e-06,7.170552e-07,6.246272e-01
src_m,2,5.759587,5.623413e-05,1.354323e-06,7.513129e-07,3.501166e-01
src_m,2,5.759587,1.000000e-04,5.738510e-07,1.275719e-07,1.958182e-01
src_m,2,5.759587,1.778279e-04,4.676337e-08,7.462657e-07,1.091202e-01
src_m,2,5.759587,3.162278e-04,9.292922e-08,7.869511e-08,6.043670e-02
src_m,2,5.759587,5.623413e-04,3.320485e-07,1.678228e-07,3.313030e-02
src_m,2,5.759587,1.000000e-03,2.711485e-08,2.292665e-08,1.784514e-02
src_m,2,5.759587,1.778279e-03,1.741072e-08,1.168738e-07,9.320048e-03
src_m,2,5.759587,3.162278e-03,8.276263e-09,5.549064e-09,4.596443e-03
src_m,2,5.759587,5.623413e-03,2.890390e-08,2.288894e-08,2.010621e-03
src_m,2,5.759587,1.000000e-02,1.155165e-08,2.963047e-08,6.270507e-04
src_m,2,5.759587,1.778279e-02,2.579395e-08,3.878722e-08,8.029163e-05
src_m,2,5.759587,3.162278e-02,1.407740e-09,1.227255e-09,4.071134e-04
src_m,2,5.759587,5.623413e-02,1.450770e-11,4.911147e-10,5.196681e-04
src_m,2,5.759587,1.000000e-01,2.000954e-10,1.021161e-11,5.119828e-04
src_m,2,5.759587,1.778279e-01,4.670747e-11,1.086354e-10,4.398821e-04
src_m,2,5.759587,3.162278e-01,7.439396e-13,1.118942e-11,3.440638e-04
src_m,2,5.759587,5.623413e-01,6.384303e-12,3.084819e-12,2.602810e-04
src_m,2,5.759587,1.000000e+00,2.559828e-12,2.969356e-12,1.717336e-04
phis_m,10,0.000000,1.000000e-12,9.118582e+58,9.118582e+58,5.293212e+00
phis_m,10,0.000000,1.778279e-12,9.312232e+58,9.312232e+58,5.183138e+00
phis_m,10,0.000000,3.162278e-12,9.514285e+58,9.514285e+58,5.073064e+00
phis_m,10,0.000000,5.623413e-12,9.725302e+58,9.725302e+58,4.962991e+00
phis_m,10,0.000000,1.000000e-11,9.945891e+58,9.945891e+58,4.852917e+00
phis_m,10,0.000000,1.778279e-11,1.017672e+59,1.017672e+59,4.742843e+00
phis_m,10,0.000000,3.162278e-11,1.041852e+59,1.041852e+59,4.632770e+00
phis_m,10,0.000000,5.623413e-11,1.067208e+59,1.067208e+59,4.522696e+00
phis_m,10,0.000000,1.000000e-10,1.093830e+59,1.093830e+59,4.412623e+00
phis_m,10,0.000000,1.778279e-10,1.121814e+59,1.121814e+59,4.302549e+00
phis_m,10,0.000000,3.162278e-10,1.151267e+59,1.151267e+59,4.192475e+00
phis_m,10,0.000000,5.623413e-10,1.182308e+59,1.182308e+59,4.082402e+00
phis_m,10,0.000000,1.000000e-09,1.215070e+59,1.215070e+59,3.972328e+00
phis_m,10,0.000000,1.778279e-09,1.249700e+59,1.249700e+59,3.862255e+00
phis_m,10,0.000000,3.162278e-09,1.286361e+59,1.286361e+59,3.752181e+00
phis_m,10,0.000000,5.623413e-09,1.325238e+59,1.325238e+59,3.642107e+00
phis_m,10,0.000000,1.000000e-08,1.366538e+59,1.366538e+59,3.532034e+00
phis_m,10,0.000000,1.778279e-08,1.410495e+59,1.410495e+59,3.421960e+00
phis_m,10,0.000000,3.162278e-08,1.457374e+59,1.457374e+59,3.311886e+00
phis_m,10,0.000000,5.623413e-08,1.507477e+59,1.507477e+59,3.201813e+00
phis_m,10,0.000000,1.000000e-07,1.561147e+59,1.561147e+59,3.091739e+00
phis_m,10,0.000000,1.778279e-07,1.618779e+59,1.618779e+59,2.981666e+00
phis_m,10,0.000000,3.162278e-07,8.283513e-03,8.283513e-03,2.871592e+00
phis_m,10,0.000000,5.623413e-07,4.775069e-04,4.775069e-04,2.761518e+00
phis_m,10,0.000000,1.000000e-06,4.893351e-04,4.893351e-04,2.651445e+00
phis_m,10,0.000000,1.778279e-06,4.100878e-04,4.100878e-04,2.541371e+00
phis_m,10,0.000000,3.162278e-06,7.604602e-05,7.604602e-05,2.431297e+00
phis_m,10,0.000000,5.623413e-06,4.516467e-05,4.516467e-05,2.321223e+00
phis_m,10,0.000000,1.000000e-05,1.610857e-05,1.610857e-05,2.211149e+00
phis_m,10,0.000000,1.778279e-05,5.042698e-06,5.042698e-06,2.101075e+00
phis_m,10,0.000000,3.162278e-05,8.353395e-07,8.353395e-07,1.991000e+00
phis_m,10,0.000000,5.623413e-05,6.197803e-07,6.197803e-07,1.880924e+00
phis_m,10,0.000000,1.000000e-04,9.722992e-08,9.722992e-08,1.770847e+00
phis_m,10,0.000000,1.778279e-04,7.804080e-09,7.804080e-09,1.660768e+00
phis_m,10,0.000000,3.162278e-04,1.489955e-08,1.489955e-08,1.550686e+00
phis_m,10,0.000000,5.623413e-04,7.421263e-09,7.421263e-09,1.440597e+00
phis_m,10,0.000000,1.000000e-03,7.402496e-10,7.402494e-10,1.330501e+00
phis_m,10,0.000000,1.778279e-03,1.668433e-09,1.668434e-09,1.220391e+00
phis_m,10,0.000000,3.162278e-03,2.631237e-10,2.631237e-10,1.110263e+00
phis_m,10,0.000000,5.623413e-03,1.193489e-10,1.193489e-10,1.000110e+00
phis_m,10,0.000000,1.000000e-02,6.133412e-11,6.133485e-11,8.899284e-01
phis_m,10,0.000000,1.778279e-02,2.106066e-12,2.106578e-12,7.797309e-01
phis_m,10,0.000000,3.162278e-02,2.890252e-12,2.890252e-12,6.695765e-01
phis_m,10,0.000000,5.623413e-02,2.398968e-12,2.399546e-12,5.596552e-01
phis_m,10,0.000000,1.000000e-01,7.813208e-13,7.810457e-13,4.504844e-01
phis_m,10,0.000000,1.778279e-01,2.105875e-14,2.087815e-14,3.433401e-01
phis_m,10,0.000000,3.162278e-01,1.982710e-13,1.982710e-13,2.410566e-01
phis_m,10,0.000000,5.623413e-01,8.209296e-14,8.297045e-14,1.490827e-01
phis_m,10,0.000000,1.000000e+00,4.305957e-14,4.305957e-14,7.564222e-02
phis_m,10,0.523599,1.000000e-12,9.647555e+58,9.647555e+58,5.002986e+00
phis_m,10,0.523599,1.778279e-12,9.864591e+58,9.864591e+58,4.892912e+00
phis_m,10,0.523599,3.162278e-12,1.009162e+59,1.009162e+59,4.782839e+00
phis_m,10,0.523599,5.623413e-12,1.032934e+59,1.032934e+59,4.672765e+00
phis_m,10,0.523599,1.000000e-11,1.057853e+59,1.057853e+59,4.562692e+00
phis_m,10,0.523599,1.778279e-11,1.084005e+59,1.084005e+59,4.452618e+00
phis_m,10,0.523599,3.162278e-11,1.111482e+59,1.111482e+59,4.342544e+00
phis_m,10,0.523599,5.623413e-11,1.140388e+59,1.140388e+59,4.232471e+00
phis_m,10,0.523599,1.000000e-10,1.170838e+59,1.170838e+59,4.122397e+00
phis_m,10,0.523599,1.778279e-10,1.202958e+59,1.202958e+59,4.012324e+00
phis_m,10,0.523599,3.162278e-10,1.236891e+59,1.236891e+59,3.902250e+00
phis_m,10,0.523599,5.623413e-10,1.272794e+59,1.272794e+59,3.792176e+00
phis_m,10,0.523599,1.000000e-09,1.310843e+59,1.310843e+59,3.682103e+00
phis_m,10,0.523599,1.778279e-09,1.351237e+59,1.351237e+59,3.572029e+00
phis_m,10,0.523599,3.162278e-09,1.394200e+59,1.394200e+59,3.461955e+00
phis_m,10,0.523599,5.623413e-09,1.439985e+59,1.439985e+59,3.351882e+00
phis_m,10,0.523599,1.000000e-08,1.488878e+59,1.488878e+59,3.241808e+00
phis_m,10,0.523599,1.778279e-08,1.541209e+59,1.541209e+59,3.131735e+00
phis_m,10,0.523599,3.162278e-08,1.597353e+59,1.597353e+59,3.021661e+00
phis_m,10,0.523599,5.623413e-08,5.566910e-03,5.566910e-03,2.911587e+00
phis_m,10,0.523599,1.000000e-07,3.987791e-03,3.987791e-03,2.801514e+00
phis_m,10,0.523599,1.778279e-07,1.904529e-03,1.904529e-03,2.691440e+00
phis_m,10,0.523599,3.162278e-07,4.255372e-04,4.255372e-04,2.581366e+00
phis_m,10,0.523599,5.623413e-07,1.866071e-04,1.866071e-04,2.471293e+00
phis_m,10,0.523599,1.000000e-06,1.279099e-05,1.279099e-05,2.361219e+00
phis_m,10,0.523599,1.778279e-06,3.092544e-06,3.092544e-06,2.251146e+00
phis_m,10,0.523599,3.162278e-06,2.621532e-06,2.621532e-06,2.141072e+00
phis_m,10,0.523599,5.623413e-06,2.149490e-06,2.149490e-06,2.030998e+00
phis_m,10,0.523599,1.000000e-05,8.075428e-07,8.075428e-07,1.920924e+00
phis_m,10,0.523599,1.778279e-05,9.121534e-08,9.121534e-08,1.810850e+00
phis_m,10,0.523599,3.162278e-05,6.964672e-08,6.964672e-08,1.700775e+00
phis_m,10,0.523599,5.623413e-05,3.262010e-08,3.262010e-08,1.590700e+00
phis_m,10,0.523599,1.000000e-04,7.459776e-09,7.459775e-09,1.480624e+00
phis_m,10,0.523599,1.778279e-04,3.581372e-09,3.581371e-09,1.370546e+00
phis_m,10,0.523599,3.162278e-04,6.419790e-10,6.419792e-10,1.260466e+00
phis_m,10,0.523599,5.623413e-04,2.531304e-10,2.531301e-10,1.150382e+00
phis_m,10,0.523599,1.000000e-03,1.733603e-10,1.733600e-10,1.040295e+00
phis_m,10,0.523599,1.778279e-03,5.416770e-11,5.416770e-11,9.302073e-01
phis_m,10,0.523599,3.162278e-03,3.473345e-11,3.473379e-11,8.201299e-01
phis_m,10,0.523599,5.623413e-03,1.873661e-11,1.873643e-11,7.101023e-01
phis_m,10,0.523599,1.000000e-02,4.894147e-12,4.893527e-12,6.002399e-01
phis_m,10,0.523599,1.778279e-02,4.359731e-14,4.347102e-14,4.908568e-01
phis_m,10,0.523599,3.162278e-02,3.065658e-13,3.055584e-13,3.827565e-01
phis_m,10,0.523599,5.623413e-02,1.356765e-13,1.362588e-13,2.778459e-01
phis_m,10,0.523599,1.000000e-01,8.245908e-15,1.021272e-14,1.801980e-01
phis_m,10,0.523599,1.778279e-01,3.542966e-14,3.638550e-14,9.713678e-02
phis_m,10,0.523599,3.162278e-01,1.514561e-13,1.722039e-13,3.820511e-02
phis_m,10,0.523599,5.623413e-01,1.116606e-13,1.128230e-12,8.573322e-03
phis_m,10,0.523599,1.000000e+00,3.926283e-10,3.573891e-10,6.396029e-04
phis_m,10,1.047198,1.000000e-12,9.848189e+58,9.848189e+58,4.901062e+00
phis_m,10,1.047198,1.778279e-12,1.007445e+59,1.007445e+59,4.790988e+00
phis_m,10,1.047198,3.162278e-12,1.031136e+59,1.031136e+59,4.680915e+00
phis_m,10,1.047198,5.623413e-12,1.055967e+59,1.055967e+59,4.570841e+00
phis_m,10,1.047198,1.000000e-11,1.082024e+59,1.082024e+59,4.460767e+00
phis_m,10,1.047198,1.778279e-11,1.109400e+59,1.109400e+59,4.350694e+00
phis_m,10,1.047198,3.162278e-11,1.138196e+59,1.138196e+59,4.240620e+00
phis_m,10,1.047198,5.623413e-11,1.168528e+59,1.168528e+59,4.130547e+00
phis_m,10,1.047198,1.000000e-10,1.200520e+59,1.200520e+59,4.020473e+00
phis_m,10,1.047198,1.778279e-10,1.234313e+59,1.234313e+59,3.910399e+00
phis_m,10,1.047198,3.162278e-10,1.270064e+59,1.270064e+59,3.800326e+00
phis_m,10,1.047198,5.623413e-10,1.307948e+59,1.307948e+59,3.690252e+00
phis_m,10,1.047198,1.000000e-09,1.348161e+59,1.348161e+59,3.580178e+00
phis_m,10,1.047198,1.778279e-09,1.390926e+59,1.390926e+59,3.470105e+00
phis_m,10,1.047198,3.162278e-09,1.436492e+59,1.436492e+59,3.360031e+00
phis_m,10,1.047198,5.623413e-09,1.485145e+59,1.485145e+59,3.249958e+00
phis_m,10,1.047198,1.000000e-08,1.537209e+59,1.537209e+59,3.139884e+00
phis_m,10,1.047198,1.778279e-08,1.593056e+59,1.593056e+59,3.029810e+00
phis_m,10,1.047198,3.162278e-08,8.342499e-03,8.342499e-03,2.919737e+00
phis_m,10,1.047198,5.623413e-08,6.920685e-03,6.920685e-03,2.809663e+00
phis_m,10,1.047198,1.000000e-07,1.119959e-03,1.119959e-03,2.699590e+00
phis_m,10,1.047198,1.778279e-07,7.297416e-04,7.297416e-04,2.589516e+00
phis_m,10,1.047198,3.162278e-07,2.431303e-04,2.431303e-04,2.479442e+00
phis_m,10,1.047198,5.623413e-07,1.767464e-05,1.767464e-05,2.369369e+00
phis_m,10,1.047198,1.000000e-06,5.321033e-06,5.321033e-06,2.259295e+00
phis_m,10,1.047198,1.778279e-06,1.331521e-06,1.331521e-06,2.149221e+00
phis_m,10,1.047198,3.162278e-06,1.540009e-07,1.540009e-07,2.039148e+00
phis_m,10,1.047198,5.623413e-06,5.385963e-07,5.385963e-07,1.929074e+00
phis_m,10,1.047198,1.000000e-05,1.726399e-07,1.726399e-07,1.819000e+00
phis_m,10,1.047198,1.778279e-05,7.677566e-08,7.677566e-08,1.708926e+00
phis_m,10,1.047198,3.162278e-05,3.502787e-08,3.502787e-08,1.598852e+00
phis_m,10,1.047198,5.623413e-05,9.495315e-09,9.495315e-09,1.488778e+00
phis_m,10,1.047198,1.000000e-04,4.220606e-09,4.220605e-09,1.378703e+00
phis_m,10,1.047198,1.778279e-04,1.524974e-09,1.524975e-09,1.268627e+00
phis_m,10,1.047198,3.162278e-04,6.196301e-10,6.196303e-10,1.158551e+00
phis_m,10,1.047198,5.623413e-04,1.987987e-10,1.987987e-10,1.048476e+00
phis_m,10,1.047198,1.000000e-03,3.426295e-11,3.426292e-11,9.384061e-01
phis_m,10,1.047198,1.778279e-03,1.189353e-11,1.189368e-11,8.283545e-01
phis_m,10,1.047198,3.162278e-03,4.950531e-12,4.950570e-12,7.183612e-01
phis_m,10,1.047198,5.623413e-03,3.651509e-12,3.650852e-12,6.085371e-01
phis_m,10,1.047198,1.000000e-02,2.330428e-13,2.332909e-13,4.991770e-01
phis_m,10,1.047198,1.778279e-02,8.851043e-13,8.854211e-13,3.910288e-01
phis_m,10,1.047198,3.162278e-02,3.508140e-14,3.494921e-14,2.858699e-01
phis_m,10,1.047198,5.623413e-02,1.012623e-13,9.990381e-14,1.875297e-01
phis_m,10,1.047198,1.000000e-01,1.377196e-14,1.717979e-14,1.030219e-01
phis_m,10,1.047198,1.778279e-01,7.256483e-14,5.343639e-14,4.184427e-02
phis_m,10,1.047198,3.162278e-01,2.619588e-14,2.979111e-13,9.930977e-03
phis_m,10,1.047198,5.623413e-01,2.648814e-11,9.360451e-11,8.253365e-04
phis_m,10,1.047198,1.000000e+00,1.030407e-06,4.329492e-07,4.169170e-06
phis_m,10,1.570796,1.000000e-12,9.902964e+58,9.902964e+58,4.873953e+00
phis_m,10,1.570796,1.778279e-12,1.013178e+59,1.013178e+59,4.763880e+00
phis_m,10,1.570796,3.162278e-12,1.037142e+59,1.037142e+59,4.653806e+00
phis_m,10,1.570796,5.623413e-12,1.062267e+59,1.062267e+59,4.543732e+00
phis_m,10,1.570796,1.000000e-11,1.088640e+59,1.088640e+59,4.433659e+00
phis_m,10,1.570796,1.778279e-11,1.116356e+59,1.116356e+59,4.323585e+00
phis_m,10,1.570796,3.162278e-11,1.145519e+59,1.145519e+59,4.213512e+00
phis_m,10,1.570796,5.623413e-11,1.176247e+59,1.176247e+59,4.103438e+00
phis_m,10,1.570796,1.000000e-10,1.208670e+59,1.208670e+59,3.993364e+00
phis_m,10,1.570796,1.778279e-10,1.242930e+59,1.242930e+59,3.883291e+00
phis_m,10,1.570796,3.162278e-10,1.279189e+59,1.279189e+59,3.773217e+00
phis_m,10,1.570796,5.623413e-10,1.317627e+59,1.317627e+59,3.663143e+00
phis_m,10,1.570796,1.000000e-09,1.358447e+59,1.358447e+59,3.553070e+00
phis_m,10,1.570796,1.778279e-09,1.401877e+59,1.401877e+59,3.442996e+00
phis_m,10,1.570796,3.162278e-09,1.448176e+59,1.448176e+59,3.332923e+00
phis_m,10,1.570796,5.623413e-09,1.497637e+59,1.497637e+59,3.222849e+00
phis_m,10,1.570796,1.000000e-08,1.550596e+59,1.550596e+59,3.112775e+00
phis_m,10,1.570796,1.778279e-08,1.607438e+59,1.607438e+59,3.002702e+00
phis_m,10,1.570796,3.162278e-08,9.509376e-04,9.509376e-04,2.892628e+00
phis_m,10,1.570796,5.623413e-08,2.798652e-03,2.798652e-03,2.782555e+00
phis_m,10,1.570796,1.000000e-07,1.029272e-03,1.029272e-03,2.672481e+00
phis_m,10,1.570796,1.778279e-07,5.171246e-04,5.171246e-04,2.562407e+00
phis_m,10,1.570796,3.162278e-07,3.073424e-05,3.073424e-05,2.452334e+00
phis_m,10,1.570796,5.623413e-07,5.747433e-05,5.747433e-05,2.342260e+00
phis_m,10,1.570796,1.000000e-06,7.839163e-06,7.839163e-06,2.232186e+00
phis_m,10,1.570796,1.778279e-06,5.823199e-06,5.823199e-06,2.122113e+00
phis_m,10,1.570796,3.162278e-06,5.380434e-07,5.380434e-07,2.012039e+00
phis_m,10,1.570796,5.623413e-06,3.194651e-07,3.194651e-07,1.901966e+00
phis_m,10,1.570796,1.000000e-05,8.571964e-08,8.571964e-08,1.791892e+00
phis_m,10,1.570796,1.778279e-05,1.194313e-08,1.194313e-08,1.681818e+00
phis_m,10,1.570796,3.162278e-05,2.047044e-08,2.047044e-08,1.571745e+00
phis_m,10,1.570796,5.623413e-05,6.313544e-09,6.313544e-09,1.461671e+00
phis_m,10,1.570796,1.000000e-04,3.039728e-09,3.039728e-09,1.351598e+00
phis_m,10,1.570796,1.778279e-04,1.663393e-10,1.663391e-10,1.241525e+00
phis_m,10,1.570796,3.162278e-04,1.594002e-10,1.594004e-10,1.131453e+00
phis_m,10,1.570796,5.623413e-04,3.721131e-11,3.721194e-11,1.021385e+00
phis_m,10,1.570796,1.000000e-03,6.297664e-11,6.297661e-11,9.113284e-01
phis_m,10,1.570796,1.778279e-03,1.948213e-11,1.948243e-11,8.013015e-01
phis_m,10,1.570796,3.162278e-03,3.153464e-12,3.153863e-12,6.913584e-01
phis_m,10,1.570796,5.623413e-03,4.522775e-13,4.522775e-13,5.816427e-01
phis_m,10,1.570796,1.000000e-02,9.591618e-13,9.587391e-13,4.725282e-01
phis_m,10,1.570796,1.778279e-02,1.996105e-13,2.013462e-13,3.649445e-01
phis_m,10,1.570796,3.162278e-02,1.809918e-13,1.798973e-13,2.610516e-01
phis_m,10,1.570796,5.623413e-02,1.364323e-13,1.372235e-13,1.653550e-01
phis_m,10,1.570796,1.000000e-01,3.856515e-14,3.109057e-14,8.566165e-02
phis_m,10,1.570796,1.778279e-01,3.334055e-14,3.116200e-14,3.140381e-02
phis_m,10,1.570796,3.162278e-01,1.112159e-12,8.001357e-13,6.161896e-03
phis_m,10,1.570796,5.623413e-01,7.788076e-11,1.056104e-10,3.329689e-04
phis_m,10,1.570796,1.000000e+00,9.060157e-06,9.060157e-06,5.526462e-06
phis_m,10,2.094395,1.000000e-12,9.848189e+58,9.848189e+58,4.901062e+00
phis_m,10,2.094395,1.778279e-12,1.007445e+59,1.007445e+59,4.790988e+00
phis_m,10,2.094395,3.162278e-12,1.031136e+59,1.031136e+59,4.680915e+00
phis_m,10,2.094395,5.623413e-12,1.055967e+59,1.055967e+59,4.570841e+00
phis_m,10,2.094395,1.000000e-11,1.082024e+59,1.082024e+59,4.460767e+00
phis_m,10,2.094395,1.778279e-11,1.109400e+59,1.109400e+59,4.350694e+00
phis_m,10,2.094395,3.162278e-11,1.138196e+59,1.138196e+59,4.240620e+00
phis_m,10,2.094395,5.623413e-11,1.168528e+59,1.168528e+59,4.130547e+00
phis_m,10,2.094395,1.000000e-10,1.200520e+59,1.200520e+59,4.020473e+00
phis_m,10,2.094395,1.778279e-10,1.234313e+59,1.234313e+59,3.910399e+00
phis_m,10,2.094395,3.162278e-10,1.270064e+59,1.270064e+59,3.800326e+00
phis_m,10,2.094395,5.623413e-10,1.307948e+59,1.307948e+59,3.690252e+00
phis_m,10,2.094395,1.000000e-09,1.348161e+59,1.348161e+59,3.580178e+00
phis_m,10,2.094395,1.778279e-09,1.390926e+59,1.390926e+59,3.470105e+00
phis_m,10,2.094395,3.162278e-09,1.436492e+59,1.436492e+59,3.360031e+00
phis_m,10,2.094395,5.623413e-09,1.485145e+59,1.485145e+59,3.249958e+00
phis_m,10,2.094395,1.000000e-08,1.537209e+59,1.537209e+59,3.139884e+00
phis_m,10,2.094395,1.778279e-08,1.593056e+59,1.593056e+59,3.029810e+00
phis_m,10,2.094395,3.162278e-08,8.342499e-03,8.342499e-03,2.919737e+00
phis_m,10,2.094395,5.623413e-08,6.920685e-03,6.920685e-03,2.809663e+00
phis_m,10,2.094395,1.000000e-07,1.119959e-03,1.119959e-03,2.699590e+00
phis_m,10,2.094395,1.778279e-07,7.297416e-04,7.297416e-04,2.589516e+00
phis_m,10,2.094395,3.162278e-07,2.431303e-04,2.431303e-04,2.479442e+00
phis_m,10,2.094395,5.623413e-07,1.767464e-05,1.767464e-05,2.369369e+00
phis_m,10,2.094395,1.000000e-06,5.321033e-06,5.321033e-06,2.259295e+00
phis_m,10,2.094395,1.778279e-06,1.331521e-06,1.331521e-06,2.149222e+00
phis_m,10,2.094395,3.162278e-06,1.540009e-07,1.540009e-07,2.039148e+00
phis_m,10,2.094395,5.623413e-06,5.385963e-07,5.385963e-07,1.929074e+00
phis_m,10,2.094395,1.000000e-05,1.726399e-07,1.726399e-07,1.819001e+00
phis_m,10,2.094395,1.778279e-05,7.677566e-08,7.677566e-08,1.708928e+00
phis_m,10,2.094395,3.162278e-05,3.502787e-08,3.502787e-08,1.598855e+00
phis_m,10,2.094395,5.623413e-05,9.495315e-09,9.495315e-09,1.488782e+00
phis_m,10,2.094395,1.000000e-04,4.220605e-09,4.220605e-09,1.378710e+00
phis_m,10,2.094395,1.778279e-04,1.524975e-09,1.524975e-09,1.268639e+00
phis_m,10,2.094395,3.162278e-04,6.196309e-10,6.196304e-10,1.158571e+00
phis_m,10,2.094395,5.623413e-04,1.987988e-10,1.987988e-10,1.048508e+00
phis_m,10,2.094395,1.000000e-03,3.426315e-11,3.426289e-11,9.384563e-01
phis_m,10,2.094395,1.778279e-03,1.189318e-11,1.189396e-11,8.284332e-01
phis_m,10,2.094395,3.162278e-03,4.950253e-12,4.949736e-12,7.184822e-01
phis_m,10,2.094395,5.623413e-03,3.651438e-12,3.651234e-12,6.087185e-01
phis_m,10,2.094395,1.000000e-02,2.336920e-13,2.339401e-13,4.994401e-01
phis_m,10,2.094395,1.778279e-02,8.857423e-13,8.847571e-13,3.913923e-01
phis_m,10,2.094395,3.162278e-02,3.454385e-14,3.623875e-14,2.863362e-01
phis_m,10,2.094395,5.623413e-02,1.043805e-13,1.042158e-13,1.880621e-01
phis_m,10,2.094395,1.000000e-01,2.081999e-14,2.037073e-14,1.035231e-01
phis_m,10,2.094395,1.778279e-01,6.508588e-14,5.767969e-14,4.218312e-02
phis_m,10,2.094395,3.162278e-01,5.419279e-13,6.917342e-13,1.005704e-02
phis_m,10,2.094395,5.623413e-01,1.294354e-10,3.721642e-11,8.397624e-04
phis_m,10,2.094395,1.000000e+00,2.115918e-07,1.176251e-06,4.182598e-06
phis_m,10,2.617994,1.000000e-12,9.647555e+58,9.647555e+58,5.002986e+00
phis_m,10,2.617994,1.778279e-12,9.864591e+58,9.864591e+58,4.892912e+00
phis_m,10,2.617994,3.162278e-12,1.009162e+59,1.009162e+59,4.782839e+00
phis_m,10,2.617994,5.623413e-12,1.032934e+59,1.032934e+59,4.672765e+00
phis_m,10,2.617994,1.000000e-11,1.057853e+59,1.057853e+59,4.562692e+00
phis_m,10,2.617994,1.778279e-11,1.084005e+59,1.084005e+59,4.452618e+00
phis_m,10,2.617994,3.162278e-11,1.111482e+59,1.111482e+59,4.342544e+00
phis_m,10,2.617994,5.623413e-11,1.140388e+59,1.140388e+59,4.232471e+00
phis_m,10,2.617994,1.000000e-10,1.170838e+59,1.170838e+59,4.122397e+00
phis_m,10,2.617994,1.778279e-10,1.202958e+59,1.202958e+59,4.012324e+00
phis_m,10,2.617994,3.162278e-10,1.236891e+59,1.236891e+59,3.902250e+00
phis_m,10,2.617994,5.623413e-10,1.272794e+59,1.272794e+59,3.792176e+00
phis_m,10,2.617994,1.000000e-09,1.310843e+59,1.310843e+59,3.682103e+00
phis_m,10,2.617994,1.778279e-09,1.351237e+59,1.351237e+59,3.572029e+00
phis_m,10,2.617994,3.162278e-09,1.394200e+59,1.394200e+59,3.461955e+00
phis_m,10,2.617994,5.623413e-09,1.439985e+59,1.439985e+59,3.351882e+00
phis_m,10,2.617994,1.000000e-08,1.488878e+59,1.488878e+59,3.241808e+00
phis_m,10,2.617994,1.778279e-08,1.541209e+59,1.541209e+59,3.131735e+00
phis_m,10,2.617994,3.162278e-08,1.597353e+59,1.597353e+59,3.021661e+00
phis_m,10,2.617994,5.623413e-08,5.566910e-03,5.566910e-03,2.911587e+00
phis_m,10,2.617994,1.000000e-07,3.987791e-03,3.987791e-03,2.801514e+00
phis_m,10,2.617994,1.778279e-07,1.904529e-03,1.904529e-03,2.691440e+00
phis_m,10,2.617994,3.162278e-07,4.255372e-04,4.255372e-04,2.581367e+00
phis_m,10,2.617994,5.623413e-07,1.866071e-04,1.866071e-04,2.471293e+00
phis_m,10,2.617994,1.000000e-06,1.279099e-05,1.279099e-05,2.361219e+00
phis_m,10,2.617994,1.778279e-06,3.092544e-06,3.092544e-06,2.251146e+00
phis_m,10,2.617994,3.162278e-06,2.621532e-06,2.621532e-06,2.141072e+00
phis_m,10,2.617994,5.623413e-06,2.149490e-06,2.149490e-06,2.030999e+00
phis_m,10,2.617994,1.000000e-05,8.075428e-07,8.075428e-07,1.920926e+00
phis_m,10,2.617994,1.778279e-05,9.121535e-08,9.121535e-08,1.810853e+00
phis_m,10,2.617994,3.162278e-05,6.964672e-08,6.964672e-08,1.700780e+00
phis_m,10,2.617994,5.623413e-05,3.262010e-08,3.262010e-08,1.590708e+00
phis_m,10,2.617994,1.000000e-04,7.459777e-09,7.459776e-09,1.480637e+00
phis_m,10,2.617994,1.778279e-04,3.581372e-09,3.581372e-09,1.370568e+00
phis_m,10,2.617994,3.162278e-04,6.419789e-10,6.419789e-10,1.260502e+00
phis_m,10,2.617994,5.623413e-04,2.531306e-10,2.531308e-10,1.150442e+00
phis_m,10,2.617994,1.000000e-03,1.733606e-10,1.733603e-10,1.040391e+00
phis_m,10,2.617994,1.778279e-03,5.416805e-11,5.416822e-11,9.303596e-01
phis_m,10,2.617994,3.162278e-03,3.473398e-11,3.473413e-11,8.203680e-01
phis_m,10,2.617994,5.623413e-03,1.873636e-11,1.873654e-11,7.104673e-01
phis_m,10,2.617994,1.000000e-02,4.893967e-12,4.893715e-12,6.007853e-01
phis_m,10,2.617994,1.778279e-02,4.431175e-14,4.418566e-14,4.916434e-01
phis_m,10,2.617994,3.162278e-02,3.061892e-13,3.065121e-13,3.838343e-01
phis_m,10,2.617994,5.623413e-02,1.367515e-13,1.367515e-13,2.792114e-01
phis_m,10,2.617994,1.000000e-01,1.203717e-14,1.381818e-14,1.817252e-01
phis_m,10,2.617994,1.778279e-01,3.638022e-14,3.571597e-14,9.852441e-02
phis_m,10,2.617994,3.162278e-01,5.069789e-14,9.742661e-14,3.908305e-02
phis_m,10,2.617994,5.623413e-01,1.206125e-13,8.687417e-13,8.858179e-03
phis_m,10,2.617994,1.000000e+00,3.268162e-10,2.668536e-11,6.619540e-04
phis_m,10,3.141593,1.000000e-12,9.118582e+58,9.118582e+58,5.293212e+00
phis_m,10,3.141593,1.778279e-12,9.312232e+58,9.312232e+58,5.183138e+00
phis_m,10,3.141593,3.162278e-12,9.514285e+58,9.514285e+58,5.073064e+00
phis_m,10,3.141593,5.623413e-12,9.725302e+58,9.725302e+58,4.962991e+00
phis_m,10,3.141593,1.000000e-11,9.945891e+58,9.945891e+58,4.852917e+00
phis_m,10,3.141593,1.778279e-11,1.017672e+59,1.017672e+59,4.742843e+00
phis_m,10,3.141593,3.162278e-11,1.041852e+59,1.041852e+59,4.632770e+00
phis_m,10,3.141593,5.623413e-11,1.067208e+59,1.067208e+59,4.522696e+00
phis_m,10,3.141593,1.000000e-10,1.093830e+59,1.093830e+59,4.412623e+00
phis_m,10,3.141593,1.778279e-10,1.121814e+59,1.121814e+59,4.302549e+00
phis_m,10,3.141593,3.162278e-10,1.151267e+59,1.151267e+59,4.192475e+00
phis_m,10,3.141593,5.623413e-10,1.182308e+59,1.182308e+59,4.082402e+00
phis_m,10,3.141593,1.000000e-09,1.215070e+59,1.215070e+59,3.972328e+00
phis_m,10,3.141593,1.778279e-09,1.249700e+59,1.249700e+59,3.862255e+00
phis_m,10,3.141593,3.162278e-09,1.286361e+59,1.286361e+59,3.752181e+00
phis_m,10,3.141593,5.623413e-09,1.325238e+59,1.325238e+59,3.642107e+00
phis_m,10,3.141593,1.000000e-08,1.366538e+59,1.366538e+59,3.532034e+00
phis_m,10,3.141593,1.778279e-08,1.410495e+59,1.410495e+59,3.421960e+00
phis_m,10,3.141593,3.162278e-08,1.457374e+59,1.457374e+59,3.311886e+00
phis_m,10,3.141593,5.623413e-08,1.507477e+59,1.507477e+59,3.201813e+00
phis_m,10,3.141593,1.000000e-07,1.561147e+59,1.561147e+59,3.091739e+00
phis_m,10,3.141593,1.778279e-07,1.618779e+59,1.618779e+59,2.981666e+00
phis_m,10,3.141593,3.162278e-07,8.283513e-03,8.283513e-03,2.871592e+00
phis_m,10,3.141593,5.623413e-07,4.775069e-04,4.775069e-04,2.761518e+00
phis_m,10,3.141593,1.000000e-06,4.893351e-04,4.893351e-04,2.651445e+00
phis_m,10,3.141593,1.778279e-06,4.100878e-04,4.100878e-04,2.541371e+00
phis_m,10,3.141593,3.162278e-06,7.604603e-05,7.604603e-05,2.431298e+00
phis_m,10,3.141593,5.623413e-06,4.516467e-05,4.516467e-05,2.321225e+00
phis_m,10,3.141593,1.000000e-05,1.610857e-05,1.610857e-05,2.211151e+00
phis_m,10,3.141593,1.778279e-05,5.042699e-06,5.042699e-06,2.101078e+00
phis_m,10,3.141593,3.162278e-05,8.353398e-07,8.353398e-07,1.991006e+00
phis_m,10,3.141593,5.623413e-05,6.197807e-07,6.197807e-07,1.880935e+00
phis_m,10,3.141593,1.000000e-04,9.723005e-08,9.723005e-08,1.770864e+00
phis_m,10,3.141593,1.778279e-04,7.804099e-09,7.804099e-09,1.660796e+00
phis_m,10,3.141593,3.162278e-04,1.489962e-08,1.489962e-08,1.550732e+00
phis_m,10,3.141593,5.623413e-04,7.421330e-09,7.421330e-09,1.440673e+00
phis_m,10,3.141593,1.000000e-03,7.402627e-10,7.402625e-10,1.330623e+00
phis_m,10,3.141593,1.778279e-03,1.668489e-09,1.668489e-09,1.220587e+00
phis_m,10,3.141593,3.162278e-03,2.631413e-10,2.631408e-10,1.110573e+00
phis_m,10,3.141593,5.623413e-03,1.193652e-10,1.193652e-10,1.000593e+00
phis_m,10,3.141593,1.000000e-02,6.135203e-11,6.135276e-11,8.906674e-01
phis_m,10,3.141593,1.778279e-02,2.107328e-12,2.107328e-12,7.808319e-01
phis_m,10,3.141593,3.162278e-02,2.894343e-12,2.894527e-12,6.711566e-01
phis_m,10,3.141593,5.623413e-02,2.405936e-12,2.405715e-12,5.617977e-01
phis_m,10,3.141593,1.000000e-01,7.855723e-13,7.855723e-13,4.531301e-01
phis_m,10,3.141593,1.778279e-01,2.121231e-14,2.081546e-14,3.460711e-01
phis_m,10,3.141593,3.162278e-01,2.070212e-13,2.058443e-13,2.427913e-01
phis_m,10,3.141593,5.623413e-01,8.727853e-14,8.290533e-14,1.479957e-01
phis_m,10,3.141593,1.000000e+00,7.340834e-14,7.340834e-14,7.027883e-02
phis_m,10,3.665191,1.000000e-12,9.647555e+58,9.647555e+58,5.002986e+00
phis_m,10,3.665191,1.778279e-12,9.864591e+58,9.864591e+58,4.892912e+00
phis_m,10,3.665191,3.162278e-12,1.009162e+59,1.009162e+59,4.782839e+00
phis_m,10,3.665191,5.623413e-12,1.032934e+59,1.032934e+59,4.672765e+00
phis_m,10,3.665191,1.000000e-11,1.057853e+59,1.057853e+59,4.562692e+00
phis_m,10,3.665191,1.778279e-11,1.084005e+59,1.084005e+59,4.452618e+00
phis_m,10,3.665191,3.162278e-11,1.111482e+59,1.111482e+59,4.342544e+00
phis_m,10,3.665191,5.623413e-11,1.140388e+59,1.140388e+59,4.232471e+00
phis_m,10,3.665191,1.000000e-10,1.170838e+59,1.170838e+59,4.122397e+00
phis_m,10,3.665191,1.778279e-10,1.202958e+59,1.202958e+59,4.012324e+00
phis_m,10,3.665191,3.162278e-10,1.236891e+59,1.236891e+59,3.902250e+00
phis_m,10,3.665191,5.623413e-10,1.272794e+59,1.272794e+59,3.792176e+00
phis_m,10,3.665191,1.000000e-09,1.310843e+59,1.310843e+59,3.682103e+00
phis_m,10,3.665191,1.778279e-09,1.351237e+59,1.351237e+59,3.572029e+00
phis_m,10,3.665191,3.162278e-09,1.394200e+59,1.394200e+59,3.461955e+00
phis_m,10,3.665191,5.623413e-09,1.439985e+59,1.439985e+59,3.351882e+00
phis_m,10,3.665191,1.000000e-08,1.488878e+59,1.488878e+59,3.241808e+00
phis_m,10,3.665191,1.778279e-08,1.541209e+59,1.541209e+59,3.131735e+00
phis_m,10,3.665191,3.162278e-08,1.597353e+59,1.597353e+59,3.021661e+00
phis_m,10,3.665191,5.623413e-08,5.566910e-03,5.566910e-03,2.911587e+00
phis_m,10,3.665191,1.000000e-07,3.987791e-03,3.987791e-03,2.801514e+00
phis_m,10,3.665191,1.778279e-07,1.904529e-03,1.904529e-03,2.691440e+00
phis_m,10,3.665191,3.162278e-07,4.255372e-04,4.255372e-04,2.581367e+00
phis_m,10,3.665191,5.623413e-07,1.866071e-04,1.866071e-04,2.471293e+00
phis_m,10,3.665191,1.000000e-06,1.279099e-05,1.279099e-05,2.361219e+00
phis_m,10,3.665191,1.778279e-06,3.092544e-06,3.092544e-06,2.251146e+00
phis_m,10,3.665191,3.162278e-06,2.621532e-06,2.621532e-06,2.141072e+00
phis_m,10,3.665191,5.623413e-06,2.149490e-06,2.149490e-06,2.030999e+00
phis_m,10,3.665191,1.000000e-05,8.075428e-07,8.075428e-07,1.920926e+00
phis_m,10,3.665191,1.778279e-05,9.121535e-08,9.121535e-08,1.810853e+00
phis_m,10,3.665191,3.162278e-05,6.964672e-08,6.964672e-08,1.700780e+00
phis_m,10,3.665191,5.623413e-05,3.262010e-08,3.262010e-08,1.590708e+00
phis_m,10,3.665191,1.000000e-04,7.459776e-09,7.459776e-09,1.480637e+00
phis_m,10,3.665191,1.778279e-04,3.581372e-09,3.581372e-09,1.370568e+00
phis_m,10,3.665191,3.162278e-04,6.419793e-10,6.419791e-10,1.260502e+00
phis_m,10,3.665191,5.623413e-04,2.531309e-10,2.531309e-10,1.150442e+00
phis_m,10,3.665191,1.000000e-03,1.733606e-10,1.733603e-10,1.040391e+00
phis_m,10,3.665191,1.778279e-03,5.416792e-11,5.416835e-11,9.303596e-01
phis_m,10,3.665191,3.162278e-03,3.473383e-11,3.473398e-11,8.203680e-01
phis_m,10,3.665191,5.623413e-03,1.873636e-11,1.873636e-11,7.104673e-01
phis_m,10,3.665191,1.000000e-02,4.893508e-12,4.893508e-12,6.007853e-01
phis_m,10,3.665191,1.778279e-02,4.461938e-14,4.433947e-14,4.916434e-01
phis_m,10,3.665191,3.162278e-02,3.065481e-13,3.067095e-13,3.838343e-01
phis_m,10,3.665191,5.623413e-02,1.377748e-13,1.369734e-13,2.792114e-01
phis_m,10,3.665191,1.000000e-01,1.118716e-14,1.347805e-14,1.817252e-01
phis_m,10,3.665191,1.778279e-01,3.489465e-14,3.520880e-14,9.852441e-02
phis_m,10,3.665191,3.162278e-01,7.980976e-14,9.683236e-14,3.908305e-02
phis_m,10,3.665191,5.623413e-01,3.396014e-13,8.699683e-13,8.858179e-03
phis_m,10,3.665191,1.000000e+00,2.593181e-10,6.080378e-11,6.619540e-04
phis_m,10,4.188790,1.000000e-12,9.848189e+58,9.848189e+58,4.901062e+00
phis_m,10,4.188790,1.778279e-12,1.007445e+59,1.007445e+59,4.790988e+00
phis_m,10,4.188790,3.162278e-12,1.031136e+59,1.031136e+59,4.680915e+00
phis_m,10,4.188790,5.623413e-12,1.055967e+59,1.055967e+59,4.570841e+00
phis_m,10,4.188790,1.000000e-11,1.082024e+59,1.082024e+59,4.460767e+00
phis_m,10,4.188790,1.778279e-11,1.109400e+59,1.109400e+59,4.350694e+00
phis_m,10,4.188790,3.162278e-11,1.138196e+59,1.138196e+59,4.240620e+00
phis_m,10,4.188790,5.623413e-11,1.168528e+59,1.168528e+59,4.130547e+00
phis_m,10,4.188790,1.000000e-10,1.200520e+59,1.200520e+59,4.020473e+00
phis_m,10,4.188790,1.778279e-10,1.234313e+59,1.234313e+59,3.910399e+00
phis_m,10,4.188790,3.162278e-10,1.270064e+59,1.270064e+59,3.800326e+00
phis_m,10,4.188790,5.623413e-10,1.307948e+59,1.307948e+59,3.690252e+00
phis_m,10,4.188790,1.000000e-09,1.348161e+59,1.348161e+59,3.580178e+00
phis_m,10,4.188790,1.778279e-09,1.390926e+59,1.390926e+59,3.470105e+00
phis_m,10,4.188790,3.162278e-09,1.436492e+59,1.436492e+59,3.360031e+00
phis_m,10,4.188790,5.623413e-09,1.485145e+59,1.485145e+59,3.249958e+00
phis_m,10,4.188790,1.000000e-08,1.537209e+59,1.537209e+59,3.139884e+00
phis_m,10,4.188790,1.778279e-08,1.593056e+59,1.593056e+59,3.029810e+00
phis_m,10,4.188790,3.162278e-08,8.342499e-03,8.342499e-03,2.919737e+00
phis_m,10,4.188790,5.623413e-08,6.920685e-03,6.920685e-03,2.809663e+00
phis_m,10,4.188790,1.000000e-07,1.119959e-03,1.119959e-03,2.699590e+00
phis_m,10,4.188790,1.778279e-07,7.297416e-04,7.297416e-04,2.589516e+00
phis_m,10,4.188790,3.162278e-07,2.431303e-04,2.431303e-04,2.479442e+00
phis_m,10,4.188790,5.623413e-07,1.767464e-05,1.767464e-05,2.369369e+00
phis_m,10,4.188790,1.000000e-06,5.321033e-06,5.321033e-06,2.259295e+00
phis_m,10,4.188790,1.778279e-06,1.331521e-06,1.331521e-06,2.149222e+00
phis_m,10,4.188790,3.162278e-06,1.540009e-07,1.540009e-07,2.039148e+00
phis_m,10,4.188790,5.623413e-06,5.385963e-07,5.385963e-07,1.929074e+00
phis_m,10,4.188790,1.000000e-05,1.726399e-07,1.726399e-07,1.819001e+00
phis_m,10,4.188790,1.778279e-05,7.677566e-08,7.677566e-08,1.708928e+00
phis_m,10,4.188790,3.162278e-05,3.502787e-08,3.502787e-08,1.598855e+00
phis_m,10,4.188790,5.623413e-05,9.495315e-09,9.495315e-09,1.488782e+00
phis_m,10,4.188790,1.000000e-04,4.220605e-09,4.220605e-09,1.378710e+00
phis_m,10,4.188790,1.778279e-04,1.524975e-09,1.524975e-09,1.268639e+00
phis_m,10,4.188790,3.162278e-04,6.196306e-10,6.196304e-10,1.158571e+00
phis_m,10,4.188790,5.623413e-04,1.987983e-10,1.987988e-10,1.048508e+00
phis_m,10,4.188790,1.000000e-03,3.426329e-11,3.426286e-11,9.384563e-01
phis_m,10,4.188790,1.778279e-03,1.189363e-11,1.189396e-11,8.284332e-01
phis_m,10,4.188790,3.162278e-03,4.950081e-12,4.949736e-12,7.184822e-01
phis_m,10,4.188790,5.623413e-03,3.651076e-12,3.651076e-12,6.087185e-01
phis_m,10,4.188790,1.000000e-02,2.331959e-13,2.338439e-13,4.994401e-01
phis_m,10,4.188790,1.778279e-02,8.849154e-13,8.845989e-13,3.913923e-01
phis_m,10,4.188790,3.162278e-02,3.445929e-14,3.637074e-14,2.863362e-01
phis_m,10,4.188790,5.623413e-02,1.047467e-13,1.045453e-13,1.880621e-01
phis_m,10,4.188790,1.000000e-01,2.607368e-14,2.081999e-14,1.035231e-01
phis_m,10,4.188790,1.778279e-01,5.845491e-14,6.357603e-14,4.218312e-02
phis_m,10,4.188790,3.162278e-01,3.146513e-13,3.262779e-14,1.005704e-02
phis_m,10,4.188790,5.623413e-01,2.550659e-11,3.721850e-11,8.397624e-04
phis_m,10,4.188790,1.000000e+00,4.137799e-06,4.141317e-06,4.182598e-06
phis_m,10,4.712389,1.000000e-12,9.902964e+58,9.902964e+58,4.873953e+00
phis_m,10,4.712389,1.778279e-12,1.013178e+59,1.013178e+59,4.763880e+00
phis_m,10,4.712389,3.162278e-12,1.037142e+59,1.037142e+59,4.653806e+00
phis_m,10,4.712389,5.623413e-12,1.062267e+59,1.062267e+59,4.543732e+00
phis_m,10,4.712389,1.000000e-11,1.088640e+59,1.088640e+59,4.433659e+00
phis_m,10,4.712389,1.778279e-11,1.116356e+59,1.116356e+59,4.323585e+00
phis_m,10,4.712389,3.162278e-11,1.145519e+59,1.145519e+59,4.213512e+00
phis_m,10,4.712389,5.623413e-11,1.176247e+59,1.176247e+59,4.103438e+00
phis_m,10,4.712389,1.000000e-10,1.208670e+59,1.208670e+59,3.993364e+00
phis_m,10,4.712389,1.778279e-10,1.242930e+59,1.242930e+59,3.883291e+00
phis_m,10,4.712389,3.162278e-10,1.279189e+59,1.279189e+59,3.773217e+00
phis_m,10,4.712389,5.623413e-10,1.317627e+59,1.317627e+59,3.663143e+00
phis_m,10,4.712389,1.000000e-09,1.358447e+59,1.358447e+59,3.553070e+00
phis_m,10,4.712389,1.778279e-09,1.401877e+59,1.401877e+59,3.442996e+00
phis_m,10,4.712389,3.162278e-09,1.448176e+59,1.448176e+59,3.332923e+00
phis_m,10,4.712389,5.623413e-09,1.497637e+59,1.497637e+59,3.222849e+00
phis_m,10,4.712389,1.000000e-08,1.550596e+59,1.550596e+59,3.112775e+00
phis_m,10,4.712389,1.778279e-08,1.607438e+59,1.607438e+59,3.002702e+00
phis_m,10,4.712389,3.162278e-08,9.509376e-04,9.509376e-04,2.892628e+00
phis_m,10,4.712389,5.623413e-08,2.798652e-03,2.798652e-03,2.782555e+00
phis_m,10,4.712389,1.000000e-07,1.029272e-03,1.029272e-03,2.672481e+00
phis_m,10,4.712389,1.778279e-07,5.171246e-04,5.171246e-04,2.562407e+00
phis_m,10,4.712389,3.162278e-07,3.073424e-05,3.073424e-05,2.452334e+00
phis_m,10,4.712389,5.623413e-07,5.747433e-05,5.747433e-05,2.342260e+00
phis_m,10,4.712389,1.000000e-06,7.839163e-06,7.839163e-06,2.232186e+00
phis_m,10,4.712389,1.778279e-06,5.823199e-06,5.823199e-06,2.122113e+00
phis_m,10,4.712389,3.162278e-06,5.380434e-07,5.380434e-07,2.012039e+00
phis_m,10,4.712389,5.623413e-06,3.194651e-07,3.194651e-07,1.901966e+00
phis_m,10,4.712389,1.000000e-05,8.571964e-08,8.571964e-08,1.791892e+00
phis_m,10,4.712389,1.778279e-05,1.194313e-08,1.194313e-08,1.681818e+00
phis_m,10,4.712389,3.162278e-05,2.047044e-08,2.047044e-08,1.571745e+00
phis_m,10,4.712389,5.623413e-05,6.313544e-09,6.313544e-09,1.461671e+00
phis_m,10,4.712389,1.000000e-04,3.039728e-09,3.039728e-09,1.351598e+00
phis_m,10,4.712389,1.778279e-04,1.663393e-10,1.663391e-10,1.241525e+00
phis_m,10,4.712389,3.162278e-04,1.594002e-10,1.594004e-10,1.131453e+00
phis_m,10,4.712389,5.623413e-04,3.721131e-11,3.721194e-11,1.021385e+00
phis_m,10,4.712389,1.000000e-03,6.297664e-11,6.297661e-11,9.113284e-01
phis_m,10,4.712389,1.778279e-03,1.948213e-11,1.948243e-11,8.013015e-01
phis_m,10,4.712389,3.162278e-03,3.153464e-12,3.153863e-12,6.913584e-01
phis_m,10,4.712389,5.623413e-03,4.522775e-13,4.522775e-13,5.816427e-01
phis_m,10,4.712389,1.000000e-02,9.591618e-13,9.587391e-13,4.725282e-01
phis_m,10,4.712389,1.778279e-02,1.996105e-13,2.013462e-13,3.649445e-01
phis_m,10,4.712389,3.162278e-02,1.809918e-13,1.798973e-13,2.610516e-01
phis_m,10,4.712389,5.623413e-02,1.364323e-13,1.372235e-13,1.653550e-01
phis_m,10,4.712389,1.000000e-01,3.856515e-14,3.109057e-14,8.566165e-02
phis_m,10,4.712389,1.778279e-01,3.334055e-14,3.116200e-14,3.140381e-02
phis_m,10,4.712389,3.162278e-01,1.112159e-12,8.001357e-13,6.161896e-03
phis_m,10,4.712389,5.623413e-01,7.788076e-11,7.788076e-11,3.329689e-04
phis_m,10,4.712389,1.000000e+00,9.060157e-06,9.060157e-06,5.526462e-06
phis_m,10,5.235988,1.000000e-12,9.848189e+58,9.848189e+58,4.901062e+00
phis_m,10,5.235988,1.778279e-12,1.007445e+59,1.007445e+59,4.790988e+00
phis_m,10,5.235988,3.162278e-12,1.031136e+59,1.031136e+59,4.680915e+00
phis_m,10,5.235988,5.623413e-12,1.055967e+59,1.055967e+59,4.570841e+00
phis_m,10,5.235988,1.000000e-11,1.082024e+59,1.082024e+59,4.460767e+00
phis_m,10,5.235988,1.778279e-11,1.109400e+59,1.109400e+59,4.350694e+00
phis_m,10,5.235988,3.162278e-11,1.138196e+59,1.138196e+59,4.240620e+00
phis_m,10,5.235988,5.623413e-11,1.168528e+59,1.168528e+59,4.130547e+00
phis_m,10,5.235988,1.000000e-10,1.200520e+59,1.200520e+59,4.020473e+00
phis_m,10,5.235988,1.778279e-10,1.234313e+59,1.234313e+59,3.910399e+00
phis_m,10,5.235988,3.162278e-10,1.270064e+59,1.270064e+59,3.800326e+00
phis_m,10,5.235988,5.623413e-10,1.307948e+59,1.307948e+59,3.690252e+00
phis_m,10,5.235988,1.000000e-09,1.348161e+59,1.348161e+59,3.580178e+00
phis_m,10,5.235988,1.778279e-09,1.390926e+59,1.390926e+59,3.470105e+00
phis_m,10,5.235988,3.162278e-09,1.436492e+59,1.436492e+59,3.360031e+00
phis_m,10,5.235988,5.623413e-09,1.485145e+59,1.485145e+59,3.249958e+00
phis_m,10,5.235988,1.000000e-08,1.537209e+59,1.537209e+59,3.139884e+00
phis_m,10,5.235988,1.778279e-08,1.593056e+59,1.593056e+59,3.029810e+00
phis_m,10,5.235988,3.162278e-08,8.342499e-03,8.342499e-03,2.919737e+00
phis_m,10,5.235988,5.623413e-08,6.920685e-03,6.920685e-03,2.809663e+00
phis_m,10,5.235988,1.000000e-07,1.119959e-03,1.119959e-03,2.699590e+00
phis_m,10,5.235988,1.778279e-07,7.297416e-04,7.297416e-04,2.589516e+00
phis_m,10,5.235988,3.162278e-07,2.431303e-04,2.431303e-04,2.479442e+00
phis_m,10,5.235988,5.623413e-07,1.767464e-05,1.767464e-05,2.369369e+00
phis_m,10,5.235988,1.000000e-06,5.321033e-06,5.321033e-06,2.259295e+00
phis_m,10,5.235988,1.778279e-06,1.331521e-06,1.331521e-06,2.149221e+00
phis_m,10,5.235988,3.162278e-06,1.540009e-07,1.540009e-07,2.039148e+00
phis_m,10,5.235988,5.623413e-06,5.385963e-07,5.385963e-07,1.929074e+00
phis_m,10,5.235988,1.000000e-05,1.726399e-07,1.726399e-07,1.819000e+00
phis_m,10,5.235988,1.778279e-05,7.677566e-08,7.677566e-08,1.708926e+00
phis_m,10,5.235988,3.162278e-05,3.502787e-08,3.502787e-08,1.598852e+00
phis_m,10,5.235988,5.623413e-05,9.495315e-09,9.495315e-09,1.488778e+00
phis_m,10,5.235988,1.000000e-04,4.220606e-09,4.220605e-09,1.378703e+00
phis_m,10,5.235988,1.778279e-04,1.524974e-09,1.524975e-09,1.268627e+00
phis_m,10,5.235988,3.162278e-04,6.196301e-10,6.196303e-10,1.158551e+00
phis_m,10,5.235988,5.623413e-04,1.987987e-10,1.987987e-10,1.048476e+00
phis_m,10,5.235988,1.000000e-03,3.426295e-11,3.426292e-11,9.384061e-01
phis_m,10,5.235988,1.778279e-03,1.189353e-11,1.189368e-11,8.283545e-01
phis_m,10,5.235988,3.162278e-03,4.950531e-12,4.950570e-12,7.183612e-01
phis_m,10,5.235988,5.623413e-03,3.651509e-12,3.650852e-12,6.085371e-01
phis_m,10,5.235988,1.000000e-02,2.330428e-13,2.332909e-13,4.991770e-01
phis_m,10,5.235988,1.778279e-02,8.851043e-13,8.854211e-13,3.910288e-01
phis_m,10,5.235988,3.162278e-02,3.508140e-14,3.494921e-14,2.858699e-01
phis_m,10,5.235988,5.623413e-02,1.012623e-13,9.990381e-14,1.875297e-01
phis_m,10,5.235988,1.000000e-01,1.377196e-14,1.717979e-14,1.030219e-01
phis_m,10,5.235988,1.778279e-01,7.256483e-14,5.343639e-14,4.184427e-02
phis_m,10,5.235988,3.162278e-01,2.619588e-14,2.979111e-13,9.930977e-03
phis_m,10,5.235988,5.623413e-01,2.648814e-11,6.184261e-11,8.253365e-04
phis_m,10,5.235988,1.000000e+00,1.030407e-06,9.948705e-07,4.169170e-06
phis_m,10,5.759587,1.000000e-12,9.647555e+58,9.647555e+58,5.002986e+00
phis_m,10,5.759587,1.778279e-12,9.864591e+58,9.864591e+58,4.892912e+00
phis_m,10,5.759587,3.162278e-12,1.009162e+59,1.009162e+59,4.782839e+00
phis_m,10,5.759587,5.623413e-12,1.032934e+59,1.032934e+59,4.672765e+00
phis_m,10,5.759587,1.000000e-11,1.057853e+59,1.057853e+59,4.562692e+00
phis_m,10,5.759587,1.778279e-11,1.084005e+59,1.084005e+59,4.452618e+00
phis_m,10,5.759587,3.162278e-11,1.111482e+59,1.111482e+59,4.342544e+00
phis_m,10,5.759587,5.623413e-11,1.140388e+59,1.140388e+59,4.232471e+00
phis_m,10,5.759587,1.000000e-10,1.170838e+59,1.170838e+59,4.122397e+00
phis_m,10,5.759587,1.778279e-10,1.202958e+59,1.202958e+59,4.012324e+00
phis_m,10,5.759587,3.162278e-10,1.236891e+59,1.236891e+59,3.902250e+00
phis_m,10,5.759587,5.623413e-10,1.272794e+59,1.272794e+59,3.792176e+00
phis_m,10,5.759587,1.000000e-09,1.310843e+59,1.310843e+59,3.682103e+00
phis_m,10,5.759587,1.778279e-09,1.351237e+59,1.351237e+59,3.572029e+00
phis_m,10,5.759587,3.162278e-09,1.394200e+59,1.394200e+59,3.461955e+00
phis_m,10,5.759587,5.623413e-09,1.439985e+59,1.439985e+59,3.351882e+00
phis_m,10,5.759587,1.000000e-08,1.488878e+59,1.488878e+59,3.241808e+00
phis_m,10,5.759587,1.778279e-08,1.541209e+59,1.541209e+59,3.131735e+00
phis_m,10,5.759587,3.162278e-08,1.597353e+59,1.597353e+59,3.021661e+00
phis_m,10,5.759587,5.623413e-08,5.566910e-03,5.566910e-03,2.911587e+00
phis_m,10,5.759587,1.000000e-07,3.987791e-03,3.987791e-03,2.801514e+00
phis_m,10,5.759587,1.778279e-07,1.904529e-03,1.904529e-03,2.691440e+00
phis_m,10,5.759587,3.162278e-07,4.255372e-04,4.255372e-04,2.581366e+00
phis_m,10,5.759587,5.623413e-07,1.866071e-04,1.866071e-04,2.471293e+00
phis_m,10,5.759587,1.000000e-06,1.279099e-05,1.279099e-05,2.361219e+00
phis_m,10,5.759587,1.778279e-06,3.092544e-06,3.092544e-06,2.251146e+00
phis_m,10,5.759587,3.162278e-06,2.621532e-06,2.621532e-06,2.141072e+00
phis_m,10,5.759587,5.623413e-06,2.149490e-06,2.149490e-06,2.030998e+00
phis_m,10,5.759587,1.000000e-05,8.075428e-07,8.075428e-07,1.920924e+00
phis_m,10,5.759587,1.778279e-05,9.121534e-08,9.121534e-08,1.810850e+00
phis_m,10,5.759587,3.162278e-05,6.964672e-08,6.964672e-08,1.700775e+00
phis_m,10,5.759587,5.623413e-05,3.262010e-08,3.262010e-08,1.590700e+00
phis_m,10,5.759587,1.000000e-04,7.459775e-09,7.459775e-09,1.480624e+00
phis_m,10,5.759587,1.778279e-04,3.581371e-09,3.581371e-09,1.370546e+00
phis_m,10,5.759587,3.162278e-04,6.419788e-10,6.419790e-10,1.260466e+00
phis_m,10,5.759587,5.623413e-04,2.531301e-10,2.531299e-10,1.150382e+00
phis_m,10,5.759587,1.000000e-03,1.733604e-10,1.733602e-10,1.040295e+00
phis_m,10,5.759587,1.778279e-03,5.416754e-11,5.416754e-11,9.302073e-01
phis_m,10,5.759587,3.162278e-03,3.473376e-11,3.473409e-11,8.201299e-01
phis_m,10,5.759587,5.623413e-03,1.873696e-11,1.873678e-11,7.101023e-01
phis_m,10,5.759587,1.000000e-02,4.893688e-12,4.892609e-12,6.002399e-01
phis_m,10,5.759587,1.778279e-02,4.233447e-14,4.299366e-14,4.908568e-01
phis_m,10,5.759587,3.162278e-02,3.058822e-13,3.050366e-13,3.827565e-01
phis_m,10,5.759587,5.623413e-02,1.354534e-13,1.356765e-13,2.778459e-01
phis_m,10,5.759587,1.000000e-01,9.273729e-15,1.106969e-14,1.801980e-01
phis_m,10,5.759587,1.778279e-01,3.261191e-14,3.769652e-14,9.713678e-02
phis_m,10,5.759587,3.162278e-01,1.525150e-13,1.741190e-13,3.820511e-02
phis_m,10,5.759587,5.623413e-01,2.656328e-13,9.179643e-13,8.573322e-03
phis_m,10,5.759587,1.000000e+00,3.323558e-10,3.323558e-10,6.396029e-04
src_m,10,0.000000,1.000000e-12,4.161535e+60,3.326494e+60,4.769485e+08
src_m,10,0.000000,1.778279e-12,3.069740e+60,9.982461e+60,2.682079e+08
src_m,10,0.000000,3.162278e-12,5.298888e+60,1.764430e+59,1.508244e+08
src_m,10,0.000000,5.623413e-12,2.278810e+60,2.598834e+60,8.481477e+07
src_m,10,0.000000,1.000000e-11,1.799455e+60,1.877185e+60,4.769485e+07
src_m,10,0.000000,1.778279e-11,3.453531e+59,2.414551e+59,2.682079e+07
src_m,10,0.000000,3.162278e-11,2.858836e+52,2.864797e+59,1.508244e+07
src_m,10,0.000000,5.623413e-11,7.328979e+58,3.372246e+59,8.481477e+06
src_m,10,0.000000,1.000000e-10,2.703085e+58,1.755430e+59,4.769485e+06
src_m,10,0.000000,1.778279e-10,1.865445e+58,7.776967e+58,2.682078e+06
src_m,10,0.000000,3.162278e-10,1.718666e+58,2.866068e+58,1.508243e+06
src_m,10,0.000000,5.623413e-10,1.980355e+58,6.600854e+57,8.481476e+05
src_m,10,0.000000,1.000000e-09,5.476682e+57,1.155695e+58,4.769484e+05
src_m,10,0.000000,1.778279e-09,5.602068e+57,5.605315e+57,2.682077e+05
src_m,10,0.000000,3.162278e-09,1.036242e+57,2.578589e+57,1.508242e+05
src_m,10,0.000000,5.623413e-09,4.038552e+57,1.184113e+57,8.481466e+04
src_m,10,0.000000,1.000000e-08,5.387868e+56,4.476429e+56,4.769474e+04
src_m,10,0.000000,1.778279e-08,2.181281e+56,7.731806e+56,2.682068e+04
src_m,10,0.000000,3.162278e-08,2.970083e+56,4.828047e+56,1.508233e+04
src_m,10,0.000000,5.623413e-08,2.115101e+56,5.627575e+55,8.481379e+03
src_m,10,0.000000,1.000000e-07,9.698117e+55,1.561642e+56,4.769390e+03
src_m,10,0.000000,1.778279e-07,2.540626e+55,1.173875e+55,2.681987e+03
src_m,10,0.000000,3.162278e-07,3.273199e-04,4.003619e-04,1.508155e+03
src_m,10,0.000000,5.623413e-07,8.915649e-05,1.129987e-04,8.480627e+02
src_m,10,0.000000,1.000000e-06,3.243678e-05,8.348000e-06,4.768669e+02
src_m,10,0.000000,1.778279e-06,1.153834e-05,5.281819e-06,2.681296e+02
src_m,10,0.000000,3.162278e-06,2.367870e-05,2.502421e-05,1.507495e+02
src_m,10,0.000000,5.623413e-06,1.095096e-05,1.704479e-05,8.474330e+01
src_m,10,0.000000,1.000000e-05,6.005444e-06,1.517970e-06,4.762677e+01
src_m,10,0.000000,1.778279e-05,6.611789e-06,4.824443e-06,2.675610e+01
src_m,10,0.000000,3.162278e-05,9.285694e-07,5.997461e-07,1.502114e+01
src_m,10,0.000000,5.623413e-05,2.140487e-06,2.722218e-07,8.423572e+00
src_m,10,0.000000,1.000000e-04,2.114104e-07,5.582646e-07,4.714972e+00
src_m,10,0.000000,1.778279e-04,2.046646e-07,4.622924e-08,2.630958e+00
src_m,10,0.000000,3.162278e-04,6.409661e-07,2.477467e-07,1.460516e+00
src_m,10,0.000000,5.623413e-04,1.115610e-07,4.665563e-08,8.038130e-01
src_m,10,0.000000,1.000000e-03,3.871435e-08,2.417921e-08,4.360069e-01
src_m,10,0.000000,1.778279e-03,3.208726e-08,2.848968e-08,2.306595e-01
src_m,10,0.000000,3.162278e-03,2.988282e-08,1.233645e-08,1.166697e-01
src_m,10,0.000000,5.623413e-03,7.109607e-09,2.169070e-08,5.405422e-02
src_m,10,0.000000,1.000000e-02,1.522042e-08,2.208105e-08,2.032873e-02
src_m,10,0.000000,1.778279e-02,1.361971e-08,5.937626e-09,2.848717e-03
src_m,10,0.000000,3.162278e-02,7.885149e-09,4.092913e-09,5.498341e-03
src_m,10,0.000000,5.623413e-02,1.227102e-09,2.609400e-10,8.717488e-03
src_m,10,0.000000,1.000000e-01,1.143754e-10,6.200384e-11,9.074548e-03
src_m,10,0.000000,1.778279e-01,1.296324e-10,2.130911e-10,7.875635e-03
src_m,10,0.000000,3.162278e-01,8.110055e-11,5.075884e-11,5.922504e-03
src_m,10,0.000000,5.623413e-01,1.154831e-11,2.059488e-11,3.783400e-03
src_m,10,0.000000,1.000000e+00,1.512738e-11,1.512738e-11,1.922446e-03
src_m,10,0.523599,1.000000e-12,2.244218e+61,1.236675e+61,1.984622e+07
src_m,10,0.523599,1.778279e-12,6.352149e+60,1.952123e+61,1.116035e+07
src_m,10,0.523599,3.162278e-12,1.836364e+60,1.835312e+60,6.275927e+06
src_m,10,0.523599,5.623413e-12,1.462660e+60,4.583390e+59,3.529213e+06
src_m,10,0.523599,1.000000e-11,3.569715e+59,1.347658e+60,1.984622e+06
src_m,10,0.523599,1.778279e-11,3.590534e+59,5.722069e+59,1.116035e+06
src_m,10,0.523599,3.162278e-11,9.816706e+58,3.308226e+59,6.275926e+05
src_m,10,0.523599,5.623413e-11,1.976184e+59,1.769682e+59,3.529212e+05
src_m,10,0.523599,1.000000e-10,2.172613e+54,6.069290e+58,1.984621e+05
src_m,10,0.523599,1.778279e-10,8.825377e+58,5.591304e+58,1.116034e+05
src_m,10,0.523599,3.162278e-10,2.575242e+58,2.980339e+58,6.275915e+04
src_m,10,0.523599,5.623413e-10,3.186755e+58,9.640949e+57,3.529201e+04
src_m,10,0.523599,1.000000e-09,2.172624e+55,3.731202e+57,1.984611e+04
src_m,10,0.523599,1.778279e-09,9.322403e+57,2.556936e+57,1.116024e+04
src_m,10,0.523599,3.162278e-09,5.436494e+57,7.393056e+57,6.275820e+03
src_m,10,0.523599,5.623413e-09,3.084437e+57,9.466930e+56,3.529110e+03
src_m,10,0.523599,1.000000e-08,1.124908e+57,1.462957e+57,1.984522e+03
src_m,10,0.523599,1.778279e-08,8.842807e+55,1.032287e+57,1.115939e+03
src_m,10,0.523599,3.162278e-08,4.047769e+56,3.985218e+56,6.274995e+02
src_m,10,0.523599,5.623413e-08,1.185345e-04,1.829164e-03,3.528316e+02
src_m,10,0.523599,1.000000e-07,9.625329e-04,6.971974e-04,1.983759e+02
src_m,10,0.523599,1.778279e-07,1.366943e-03,3.004579e-04,1.115205e+02
src_m,10,0.523599,3.162278e-07,1.283368e-04,5.018147e-05,6.267969e+01
src_m,10,0.523599,5.623413e-07,1.808706e-04,1.323142e-05,3.521595e+01
src_m,10,0.523599,1.000000e-06,1.914582e-05,7.399508e-05,1.977343e+01
src_m,10,0.523599,1.778279e-06,6.343766e-05,1.105641e-04,1.109095e+01
src_m,10,0.523599,3.162278e-06,8.080699e-05,4.091824e-05,6.209919e+00
src_m,10,0.523599,5.623413e-06,1.318903e-06,9.065570e-06,3.466598e+00
src_m,10,0.523599,1.000000e-05,7.652994e-07,6.644860e-07,1.925400e+00
src_m,10,0.523599,1.778279e-05,5.223298e-07,1.204364e-06,1.060205e+00
src_m,10,0.523599,3.162278e-05,8.181717e-07,1.112947e-06,5.751550e-01
src_m,10,0.523599,5.623413e-05,2.924022e-06,3.594148e-07,3.038762e-01
src_m,10,0.523599,1.000000e-04,6.762842e-08,9.451988e-08,1.528097e-01
src_m,10,0.523599,1.778279e-04,1.058598e-06,6.856223e-08,6.934358e-02
src_m,10,0.523599,3.162278e-04,5.435780e-07,2.462537e-08,2.389200e-02
src_m,10,0.523599,5.623413e-04,4.053165e-05,7.775712e-06,1.824133e-04
src_m,10,0.523599,1.000000e-03,1.600524e-07,2.091662e-08,1.223553e-02
src_m,10,0.523599,1.778279e-03,2.665353e-09,4.563725e-09,1.752866e-02
src_m,10,0.523599,3.162278e-03,1.783679e-08,1.451634e-08,1.902080e-02
src_m,10,0.523599,5.623413e-03,2.868635e-09,1.536546e-09,1.837696e-02
src_m,10,0.523599,1.000000e-02,1.189932e-09,6.906299e-10,1.653637e-02
src_m,10,0.523599,1.778279e-02,4.079443e-11,5.874023e-11,1.403497e-02
src_m,10,0.523599,3.162278e-02,7.250546e-12,2.640634e-11,1.119360e-02
src_m,10,0.523599,5.623413e-02,9.366857e-11,8.345182e-11,8.237738e-03
src_m,10,0.523599,1.000000e-01,2.065351e-11,1.283695e-11,5.386883e-03
src_m,10,0.523599,1.778279e-01,1.688607e-11,1.127806e-11,2.918060e-03
src_m,10,0.523599,3.162278e-01,1.077891e-10,1.128764e-10,1.147268e-03
src_m,10,0.523599,5.623413e-01,5.976320e-11,2.214644e-10,2.487866e-04
src_m,10,0.523599,1.000000e+00,5.436194e-08,5.591644e-08,2.727813e-05
src_m,10,1.047198,1.000000e-12,1.049558e+61,2.266318e+61,3.945799e+06
src_m,10,1.047198,1.778279e-12,4.834999e+60,4.073749e+60,2.218886e+06
src_m,10,1.047198,3.162278e-12,4.454678e+60,5.282673e+60,1.247771e+06
src_m,10,1.047198,5.623413e-12,2.756557e+60,4.424496e+60,7.016733e+05
src_m,10,1.047198,1.000000e-11,2.836075e+60,1.092761e+54,3.945798e+05
src_m,10,1.047198,1.778279e-11,4.355001e+59,6.662276e+59,2.218885e+05
src_m,10,1.047198,3.162278e-11,2.006245e+59,6.289488e+58,1.247770e+05
src_m,10,1.047198,5.623413e-11,5.545272e+59,7.103904e+59,7.016721e+04
src_m,10,1.047198,1.000000e-10,2.421161e+59,1.703135e+59,3.945787e+04
src_m,10,1.047198,1.778279e-10,1.568861e+59,1.961134e+59,2.218874e+04
src_m,10,1.047198,3.162278e-10,3.617553e+58,5.630082e+57,1.247760e+04
src_m,10,1.047198,5.623413e-10,1.658773e+58,1.671069e+58,7.016620e+03
src_m,10,1.047198,1.000000e-09,3.078875e+58,1.304467e+58,3.945689e+03
src_m,10,1.047198,1.778279e-09,2.382016e+58,9.132887e+56,2.218779e+03
src_m,10,1.047198,3.162278e-09,5.655203e+57,2.399672e+57,1.247668e+03
src_m,10,1.047198,5.623413e-09,1.825536e+57,1.879328e+57,7.015732e+02
src_m,10,1.047198,1.000000e-08,1.825181e+57,2.320761e+57,3.944832e+02
src_m,10,1.047198,1.778279e-08,1.501171e+57,2.137920e+57,2.217952e+02
src_m,10,1.047198,3.162278e-08,5.482404e-03,1.231864e-02,1.246871e+02
src_m,10,1.047198,5.623413e-08,1.620120e-03,4.749166e-04,7.008072e+01
src_m,10,1.047198,1.000000e-07,3.609348e-03,2.685323e-03,3.937477e+01
src_m,10,1.047198,1.778279e-07,6.195647e-04,3.209921e-04,2.210903e+01
src_m,10,1.047198,3.162278e-07,5.118127e-04,8.917856e-04,1.240128e+01
src_m,10,1.047198,5.623413e-07,1.079216e-04,9.181258e-05,6.943689e+00
src_m,10,1.047198,1.000000e-06,4.648581e-05,3.848763e-04,3.876147e+00
src_m,10,1.047198,1.778279e-06,1.700023e-04,3.316690e-05,2.152626e+00
src_m,10,1.047198,3.162278e-06,1.020976e-04,5.126001e-05,1.184904e+00
src_m,10,1.047198,5.623413e-06,5.024746e-06,1.006651e-05,6.421984e-01
src_m,10,1.047198,1.000000e-05,8.681385e-06,1.247801e-05,3.384975e-01
src_m,10,1.047198,1.778279e-05,1.953023e-06,1.387166e-06,1.691987e-01
src_m,10,1.047198,3.162278e-05,4.924409e-06,4.002895e-06,7.547969e-02
src_m,10,1.047198,5.623413e-05,3.849622e-06,9.098413e-06,2.426242e-02
src_m,10,1.047198,1.000000e-04,1.272119e-06,1.583752e-05,3.054388e-03
src_m,10,1.047198,1.778279e-04,4.600506e-09,2.628790e-08,1.693098e-02
src_m,10,1.047198,3.162278e-04,1.307327e-07,1.172653e-07,2.324958e-02
src_m,10,1.047198,5.623413e-04,4.612898e-09,3.109430e-08,2.531804e-02
src_m,10,1.047198,1.000000e-03,1.500133e-08,5.684185e-09,2.499664e-02
src_m,10,1.047198,1.778279e-03,5.525713e-09,2.946148e-09,2.333183e-02
src_m,10,1.047198,3.162278e-03,2.501691e-09,2.308887e-09,2.091307e-02
src_m,10,1.047198,5.623413e-03,1.045614e-09,9.985761e-10,1.807456e-02
src_m,10,1.047198,1.000000e-02,7.420403e-12,3.817206e-10,1.501142e-02
src_m,10,1.047198,1.778279e-02,2.535680e-11,5.796907e-12,1.185133e-02
src_m,10,1.047198,3.162278e-02,1.045205e-10,7.806393e-11,8.707969e-03
src_m,10,1.047198,5.623413e-02,2.886094e-11,4.552570e-11,5.732645e-03
src_m,10,1.047198,1.000000e-01,5.293967e-12,7.782493e-12,3.159159e-03
src_m,10,1.047198,1.778279e-01,2.098181e-11,6.186809e-11,1.284641e-03
src_m,10,1.047198,3.162278e-01,2.053121e-10,4.709633e-10,2.974626e-04
src_m,10,1.047198,5.623413e-01,2.858105e-08,2.099981e-08,3.511212e-05
src_m,10,1.047198,1.000000e+00,1.769151e-06,2.281420e-06,2.042828e-05
src_m,10,1.570796,1.000000e-12,6.874912e+68,1.715980e+68,1.502371e-01
src_m,10,1.570796,1.778279e-12,1.295189e+68,5.265237e+67,1.468447e-01
src_m,10,1.570796,3.162278e-12,3.005749e+60,2.036328e+67,1.434522e-01
src_m,10,1.570796,5.623413e-12,1.822585e+67,5.403943e+66,1.400597e-01
src_m,10,1.570796,1.000000e-11,3.937083e+66,2.667408e+65,1.366672e-01
src_m,10,1.570796,1.778279e-11,9.041655e+65,7.623711e+65,1.332747e-01
src_m,10,1.570796,3.162278e-11,2.403479e+65,4.430329e+65,1.298822e-01
src_m,10,1.570796,5.623413e-11,1.717584e+65,3.196642e+65,1.264897e-01
src_m,10,1.570796,1.000000e-10,6.274181e+64,2.603778e+64,1.230972e-01
src_m,10,1.570796,1.778279e-10,2.409275e+64,1.813072e+64,1.197047e-01
src_m,10,1.570796,3.162278e-10,3.826063e+62,2.792601e+63,1.163122e-01
src_m,10,1.570796,5.623413e-10,8.434410e+62,1.534557e+63,1.129197e-01
src_m,10,1.570796,1.000000e-09,1.683420e+62,2.223471e+62,1.095272e-01
src_m,10,1.570796,1.778279e-09,3.643855e+62,4.709356e+62,1.061347e-01
src_m,10,1.570796,3.162278e-09,6.975291e+61,4.896665e+61,1.027422e-01
src_m,10,1.570796,5.623413e-09,3.982201e+61,2.064631e+61,9.934968e-02
src_m,10,1.570796,1.000000e-08,5.385582e+58,3.596244e+60,9.595717e-02
src_m,10,1.570796,1.778279e-08,1.321175e+60,3.286227e+60,9.256467e-02
src_m,10,1.570796,3.162278e-08,1.339126e+01,1.041194e+01,8.917216e-02
src_m,10,1.570796,5.623413e-08,1.254706e+00,1.712169e+00,8.577966e-02
src_m,10,1.570796,1.000000e-07,1.427063e+00,1.649454e-02,8.238716e-02
src_m,10,1.570796,1.778279e-07,3.355777e-01,4.190990e-03,7.899465e-02
src_m,10,1.570796,3.162278e-07,8.003215e-03,5.632730e-02,7.560215e-02
src_m,10,1.570796,5.623413e-07,1.416512e-02,3.427291e-02,7.220964e-02
src_m,10,1.570796,1.000000e-06,1.059389e-03,1.262220e-02,6.881714e-02
src_m,10,1.570796,1.778279e-06,7.107135e-03,1.368749e-03,6.542463e-02
src_m,10,1.570796,3.162278e-06,5.909052e-04,7.777730e-04,6.203213e-02
src_m,10,1.570796,5.623413e-06,4.053424e-04,3.425022e-04,5.863963e-02
src_m,10,1.570796,1.000000e-05,3.401927e-05,8.967468e-05,5.524712e-02
src_m,10,1.570796,1.778279e-05,3.025370e-05,1.984947e-05,5.185462e-02
src_m,10,1.570796,3.162278e-05,1.635719e-05,8.171988e-06,4.846211e-02
src_m,10,1.570796,5.623413e-05,2.739000e-06,4.514176e-06,4.506961e-02
src_m,10,1.570796,1.000000e-04,2.195919e-07,3.181255e-08,4.167712e-02
src_m,10,1.570796,1.778279e-04,3.506138e-07,5.350359e-08,3.828463e-02
src_m,10,1.570796,3.162278e-04,1.632438e-08,1.013287e-08,3.489219e-02
src_m,10,1.570796,5.623413e-04,1.329964e-08,3.567695e-08,3.149986e-02
src_m,10,1.570796,1.000000e-03,7.026269e-09,1.229749e-08,2.810786e-02
src_m,10,1.570796,1.778279e-03,8.212844e-09,3.516324e-09,2.471678e-02
src_m,10,1.570796,3.162278e-03,1.096852e-09,1.276293e-09,2.132825e-02
src_m,10,1.570796,5.623413e-03,8.433909e-10,9.639312e-10,1.794668e-02
src_m,10,1.570796,1.000000e-02,1.609736e-10,1.619716e-10,1.458351e-02
src_m,10,1.570796,1.778279e-02,2.987932e-11,9.319270e-11,1.126733e-02
src_m,10,1.570796,3.162278e-02,3.934563e-11,5.523509e-11,8.064738e-03
src_m,10,1.570796,5.623413e-02,2.510034e-11,3.001967e-11,5.114652e-03
src_m,10,1.570796,1.000000e-01,6.764078e-12,5.166604e-12,2.656033e-03
src_m,10,1.570796,1.778279e-01,6.393374e-11,2.676608e-12,9.730804e-04
src_m,10,1.570796,3.162278e-01,4.291539e-10,7.952372e-10,1.849325e-04
src_m,10,1.570796,5.623413e-01,4.667325e-08,1.698347e-08,2.846445e-05
src_m,10,1.570796,1.000000e+00,3.754105e-06,3.739264e-06,1.971442e-05
src_m,10,2.094395,1.000000e-12,4.935177e+60,1.050808e+61,3.945800e+06
src_m,10,2.094395,1.778279e-12,4.834998e+60,8.147497e+60,2.218886e+06
src_m,10,2.094395,3.162278e-12,3.491089e+59,6.329423e+60,1.247771e+06
src_m,10,2.094395,5.623413e-12,1.347717e+60,1.025737e+60,7.016735e+05
src_m,10,2.094395,1.000000e-11,2.836071e+60,1.092760e+54,3.945801e+05
src_m,10,2.094395,1.778279e-11,9.392525e+59,6.825793e+58,2.218887e+05
src_m,10,2.094395,3.162278e-11,3.455608e+54,2.006217e+59,1.247773e+05
src_m,10,2.094395,5.623413e-11,5.834966e+59,6.145032e+54,7.016747e+04
src_m,10,2.094395,1.000000e-10,1.569646e+59,9.850806e+58,3.945812e+04
src_m,10,2.094395,1.778279e-10,2.691010e+58,1.461375e+58,2.218898e+04
src_m,10,2.094395,3.162278e-10,5.417589e+58,2.376912e+58,1.247783e+04
src_m,10,2.094395,5.623413e-10,5.157508e+57,1.410066e+58,7.016848e+03
src_m,10,2.094395,1.000000e-09,2.049485e+58,3.605222e+58,3.945910e+03
src_m,10,2.094395,1.778279e-09,1.432635e+58,2.342921e+58,2.218993e+03
src_m,10,2.094395,3.162278e-09,1.318460e+58,2.399273e+57,1.247875e+03
src_m,10,2.094395,5.623413e-09,1.354992e+57,3.613188e+57,7.017736e+02
src_m,10,2.094395,1.000000e-08,7.349498e+57,7.218166e+56,3.946767e+02
src_m,10,2.094395,1.778279e-08,5.274005e+56,9.634134e+56,2.219820e+02
src_m,10,2.094395,3.162278e-08,2.077610e-03,4.704834e-03,1.248671e+02
src_m,10,2.094395,5.623413e-08,1.789500e-03,3.248704e-03,7.025395e+01
src_m,10,2.094395,1.000000e-07,1.504845e-03,1.272977e-03,3.954122e+01
src_m,10,2.094395,1.778279e-07,2.045254e-04,6.041639e-05,2.226869e+01
src_m,10,2.094395,3.162278e-07,5.952543e-04,5.424336e-04,1.255415e+01
src_m,10,2.094395,5.623413e-07,1.206380e-04,2.939270e-04,7.089779e+00
src_m,10,2.094395,1.000000e-06,3.084562e-05,6.461037e-05,4.015452e+00
src_m,10,2.094395,1.778279e-06,1.065804e-04,2.371734e-05,2.285146e+00
src_m,10,2.094395,3.162278e-06,5.753120e-05,1.886787e-05,1.310639e+00
src_m,10,2.094395,5.623413e-06,1.956651e-06,9.518979e-05,7.611484e-01
src_m,10,2.094395,1.000000e-05,1.643796e-06,2.367914e-05,4.506624e-01
src_m,10,2.094395,1.778279e-05,5.127865e-06,7.959433e-06,2.745786e-01
src_m,10,2.094395,3.162278e-05,3.316302e-06,3.019753e-06,1.740746e-01
src_m,10,2.094395,5.623413e-05,1.574626e-06,4.968687e-07,1.160724e-01
src_m,10,2.094395,1.000000e-04,6.767444e-07,5.368350e-07,8.197056e-02
src_m,10,2.094395,1.778279e-04,1.048254e-07,4.356909e-08,6.130900e-02
src_m,10,2.094395,3.162278e-04,4.251723e-08,4.535456e-08,4.820548e-02
src_m,10,2.094395,5.623413e-04,2.661003e-08,1.410499e-08,3.935228e-02
src_m,10,2.094395,1.000000e-03,2.797201e-08,1.317973e-08,3.288944e-02
src_m,10,2.094395,1.778279e-03,5.638487e-10,5.416119e-09,2.777145e-02
src_m,10,2.094395,3.162278e-03,2.443427e-09,5.125458e-10,2.341140e-02
src_m,10,2.094395,5.623413e-03,8.636810e-10,1.351187e-09,1.948197e-02
src_m,10,2.094395,1.000000e-02,7.068211e-11,1.248115e-10,1.580622e-02
src_m,10,2.094395,1.778279e-02,1.183815e-11,6.407891e-11,1.230236e-02
src_m,10,2.094395,3.162278e-02,2.563191e-11,1.656680e-11,8.965722e-03
src_m,10,2.094395,5.623413e-02,2.524205e-11,1.436203e-11,5.880069e-03
src_m,10,2.094395,1.000000e-01,3.489438e-11,4.214341e-11,3.240333e-03
src_m,10,2.094395,1.778279e-01,3.494759e-11,2.247023e-11,1.322686e-03
src_m,10,2.094395,3.162278e-01,7.225897e-11,5.529846e-11,3.083335e-04
src_m,10,2.094395,5.623413e-01,5.346355e-08,1.668218e-08,3.759044e-05
src_m,10,2.094395,1.000000e+00,4.286023e-08,9.903900e-08,2.530772e-05
src_m,10,2.617994,1.000000e-12,1.122109e+61,1.749131e+61,1.984622e+07
src_m,10,2.617994,1.778279e-12,3.446146e+60,9.168324e+60,1.116035e+07
src_m,10,2.617994,3.162278e-12,1.836364e+60,4.973703e+59,6.275927e+06
src_m,10,2.617994,5.623413e-12,4.890057e+60,1.003776e+60,3.529213e+06
src_m,10,2.617994,1.000000e-11,1.136386e+60,5.682143e+59,1.984622e+06
src_m,10,2.617994,1.778279e-11,5.721510e+59,6.208634e+59,1.116035e+06
src_m,10,2.617994,3.162278e-11,1.429932e+59,4.289942e+59,6.275928e+05
src_m,10,2.617994,5.623413e-11,1.221748e+54,2.634895e+59,3.529214e+05
src_m,10,2.617994,1.000000e-10,5.117607e+58,1.132240e+58,1.984624e+05
src_m,10,2.617994,1.778279e-10,8.387142e+58,1.118297e+59,1.116036e+05
src_m,10,2.617994,3.162278e-10,3.460821e+58,1.692378e+58,6.275939e+04
src_m,10,2.617994,5.623413e-10,2.372073e+58,2.002531e+58,3.529225e+04
src_m,10,2.617994,1.000000e-09,7.158413e+57,8.350849e+56,1.984634e+04
src_m,10,2.617994,1.778279e-09,2.270288e+58,2.479617e+57,1.116046e+04
src_m,10,2.617994,3.162278e-09,8.552874e+57,2.388851e+57,6.276034e+03
src_m,10,2.617994,5.623413e-09,4.153065e+57,2.896946e+56,3.529316e+03
src_m,10,2.617994,1.000000e-08,1.426381e+55,1.047623e+57,1.984722e+03
src_m,10,2.617994,1.778279e-08,1.570330e+57,1.343524e+57,1.116132e+03
src_m,10,2.617994,3.162278e-08,3.719058e+56,2.939272e+56,6.276858e+02
src_m,10,2.617994,5.623413e-08,3.640056e-03,4.979161e-03,3.530111e+02
src_m,10,2.617994,1.000000e-07,3.578391e-04,3.542466e-04,1.985486e+02
src_m,10,2.617994,1.778279e-07,1.302367e-03,2.637322e-04,1.116865e+02
src_m,10,2.617994,3.162278e-07,5.171623e-04,2.204340e-04,6.283885e+01
src_m,10,2.617994,5.623413e-07,4.179164e-05,3.874591e-05,3.536832e+01
src_m,10,2.617994,1.000000e-06,1.226607e-04,6.247926e-05,1.991902e+01
src_m,10,2.617994,1.778279e-06,2.850599e-07,2.316752e-05,1.122975e+01
src_m,10,2.617994,3.162278e-06,3.757841e-05,2.016881e-05,6.341935e+00
src_m,10,2.617994,5.623413e-06,8.294042e-06,7.415314e-07,3.591828e+00
src_m,10,2.617994,1.000000e-05,3.153504e-06,5.453350e-06,2.043845e+00
src_m,10,2.617994,1.778279e-05,5.991939e-06,4.282013e-06,1.171865e+00
src_m,10,2.617994,3.162278e-05,3.253274e-06,9.546013e-07,6.800305e-01
src_m,10,2.617994,5.623413e-05,5.432355e-07,7.103244e-07,4.019666e-01
src_m,10,2.617994,1.000000e-04,1.287642e-07,4.816764e-07,2.441151e-01
src_m,10,2.617994,1.778279e-04,5.781496e-07,7.496519e-07,1.538640e-01
src_m,10,2.617994,3.162278e-04,1.206291e-07,1.555863e-07,1.016275e-01
src_m,10,2.617994,5.623413e-04,8.126619e-08,9.666721e-08,7.076813e-02
src_m,10,2.617994,1.000000e-03,1.588723e-08,2.731110e-08,5.193030e-02
src_m,10,2.617994,1.778279e-03,1.879552e-08,1.027491e-08,3.985300e-02
src_m,10,2.617994,3.162278e-03,4.221569e-09,4.927612e-09,3.157823e-02
src_m,10,2.617994,5.623413e-03,2.629731e-09,2.544424e-09,2.544374e-02
src_m,10,2.617994,1.000000e-02,3.767713e-11,3.977060e-10,2.051772e-02
src_m,10,2.617994,1.778279e-02,2.895057e-10,4.443754e-10,1.628370e-02
src_m,10,2.617994,3.162278e-02,1.094440e-11,1.769410e-12,1.246991e-02
src_m,10,2.617994,5.623413e-02,3.160971e-11,4.393085e-11,8.966802e-03
src_m,10,2.617994,1.000000e-01,4.728306e-12,1.663994e-11,5.802494e-03
src_m,10,2.617994,1.778279e-01,2.543036e-11,2.455287e-12,3.144114e-03
src_m,10,2.617994,3.162278e-01,4.412442e-11,1.915017e-11,1.249630e-03
src_m,10,2.617994,5.623413e-01,1.037965e-09,7.929764e-10,2.754659e-04
src_m,10,2.617994,1.000000e+00,3.759649e-08,6.804818e-08,3.400577e-05
src_m,10,3.141593,1.000000e-12,7.493356e+60,8.309763e+60,4.769485e+08
src_m,10,3.141593,1.778279e-12,1.607900e+51,9.982461e+60,2.682079e+08
src_m,10,3.141593,3.162278e-12,8.831480e+59,2.831359e+60,1.508244e+08
src_m,10,3.141593,5.623413e-12,2.603268e+60,1.948493e+60,8.481477e+07
src_m,10,3.141593,1.000000e-11,1.799455e+60,7.485349e+58,4.769485e+07
src_m,10,3.141593,1.778279e-11,5.180296e+59,9.668961e+59,2.682079e+07
src_m,10,3.141593,3.162278e-11,6.363752e+59,1.273794e+59,1.508244e+07
src_m,10,3.141593,5.623413e-11,5.083808e+52,2.639348e+59,8.481477e+06
src_m,10,3.141593,1.000000e-10,1.012872e+59,6.731522e+57,4.769485e+06
src_m,10,3.141593,1.778279e-10,6.531441e+58,3.420919e+58,2.682079e+06
src_m,10,3.141593,3.162278e-10,2.857336e+57,5.446448e+58,1.508244e+06
src_m,10,3.141593,5.623413e-10,3.300727e+58,7.918028e+57,8.481478e+05
src_m,10,3.141593,1.000000e-09,4.870365e+57,1.520430e+58,4.769486e+05
src_m,10,3.141593,1.778279e-09,6.163900e+57,2.800244e+57,2.682080e+05
src_m,10,3.141593,3.162278e-09,1.036240e+57,7.741473e+57,1.508245e+05
src_m,10,3.141593,5.623413e-09,2.491850e+57,1.660158e+57,8.481488e+04
src_m,10,3.141593,1.000000e-08,5.568652e+56,5.387836e+56,4.769496e+04
src_m,10,3.141593,1.778279e-08,3.187583e+56,4.704925e+56,2.682089e+04
src_m,10,3.141593,3.162278e-08,1.448452e+56,3.433621e+56,1.508254e+04
src_m,10,3.141593,5.623413e-08,5.083741e+55,2.115052e+56,8.481576e+03
src_m,10,3.141593,1.000000e-07,4.763450e+55,4.763451e+55,4.769580e+03
src_m,10,3.141593,1.778279e-07,2.540451e+55,5.192142e+55,2.682170e+03
src_m,10,3.141593,3.162278e-07,5.748137e-04,1.703941e-06,1.508332e+03
src_m,10,3.141593,5.623413e-07,7.578783e-06,2.617788e-04,8.482328e+02
src_m,10,3.141593,1.000000e-06,8.301738e-05,1.097637e-04,4.770302e+02
src_m,10,3.141593,1.778279e-06,1.430290e-05,7.795924e-05,2.682861e+02
src_m,10,3.141593,3.162278e-06,1.375556e-06,2.063471e-05,1.508992e+02
src_m,10,3.141593,5.623413e-06,1.330963e-05,2.046872e-06,8.488625e+01
src_m,10,3.141593,1.000000e-05,2.624354e-06,1.010662e-05,4.776293e+01
src_m,10,3.141593,1.778279e-05,1.060167e-05,1.621162e-06,2.688548e+01
src_m,10,3.141593,3.162278e-05,1.624032e-06,4.867596e-07,1.514373e+01
src_m,10,3.141593,5.623413e-05,1.771067e-06,1.283724e-06,8.539383e+00
src_m,10,3.141593,1.000000e-04,6.193669e-08,6.332488e-07,4.823998e+00
src_m,10,3.141593,1.778279e-04,2.040138e-07,3.153428e-07,2.733200e+00
src_m,10,3.141593,3.162278e-04,1.304362e-07,1.286697e-07,1.555972e+00
src_m,10,3.141593,5.623413e-04,4.562653e-08,1.862546e-07,8.924842e-01
src_m,10,3.141593,1.000000e-03,1.652193e-08,6.862908e-09,5.178930e-01
src_m,10,3.141593,1.778279e-03,3.055549e-08,1.886504e-08,3.057607e-01
src_m,10,3.141593,3.162278e-03,1.131427e-08,2.744670e-08,1.849860e-01
src_m,10,3.141593,5.623413e-03,8.598998e-09,6.136499e-09,1.155860e-01
src_m,10,3.141593,1.000000e-02,1.708963e-09,7.336533e-09,7.507672e-02
src_m,10,3.141593,1.778279e-02,1.880562e-09,2.441685e-09,5.081518e-02
src_m,10,3.141593,3.162278e-02,8.797266e-10,2.306428e-11,3.569284e-02
src_m,10,3.141593,5.623413e-02,3.696569e-10,3.708507e-10,2.571539e-02
src_m,10,3.141593,1.000000e-01,1.661326e-11,6.160710e-11,1.864490e-02
src_m,10,3.141593,1.778279e-01,4.917546e-12,3.099568e-11,1.324422e-02
src_m,10,3.141593,3.162278e-01,3.062216e-11,4.894067e-11,8.868920e-03
src_m,10,3.141593,5.623413e-01,2.351802e-12,2.374735e-11,5.263694e-03
src_m,10,3.141593,1.000000e+00,3.852159e-11,3.852159e-11,2.462860e-03
src_m,10,3.665191,1.000000e-12,3.740363e+60,1.749131e+61,1.984622e+07
src_m,10,3.665191,1.778279e-12,6.892292e+60,9.168324e+60,1.116035e+07
src_m,10,3.665191,3.162278e-12,1.338708e+60,4.973703e+59,6.275927e+06
src_m,10,3.665191,5.623413e-12,3.154576e+60,1.003776e+60,3.529213e+06
src_m,10,3.665191,1.000000e-11,1.347608e+60,5.682143e+59,1.984622e+06
src_m,10,3.665191,1.778279e-11,4.748475e+59,6.208634e+59,1.116035e+06
src_m,10,3.665191,3.162278e-11,2.859857e+59,4.289942e+59,6.275928e+05
src_m,10,3.665191,5.623413e-11,2.064822e+58,2.634895e+59,3.529214e+05
src_m,10,3.665191,1.000000e-10,5.118042e+58,1.132240e+58,1.984624e+05
src_m,10,3.665191,1.778279e-10,8.387914e+58,1.118297e+59,1.116036e+05
src_m,10,3.665191,3.162278e-10,5.152526e+58,1.692378e+58,6.275939e+04
src_m,10,3.665191,5.623413e-10,3.561164e+58,2.002531e+58,3.529225e+04
src_m,10,3.665191,1.000000e-09,1.009794e+58,8.350849e+56,1.984634e+04
src_m,10,3.665191,1.778279e-09,5.864545e+57,2.479617e+57,1.116046e+04
src_m,10,3.665191,3.162278e-09,8.621980e+57,2.388851e+57,6.276034e+03
src_m,10,3.665191,5.623413e-09,1.281684e+57,2.896946e+56,3.529316e+03
src_m,10,3.665191,1.000000e-08,5.837931e+56,1.047623e+57,1.984722e+03
src_m,10,3.665191,1.778279e-08,1.730222e+56,1.343524e+57,1.116132e+03
src_m,10,3.665191,3.162278e-08,3.656822e+56,2.939272e+56,6.276858e+02
src_m,10,3.665191,5.623413e-08,3.159405e-04,4.979161e-03,3.530111e+02
src_m,10,3.665191,1.000000e-07,1.089300e-03,3.542466e-04,1.985486e+02
src_m,10,3.665191,1.778279e-07,1.162484e-03,2.637322e-04,1.116865e+02
src_m,10,3.665191,3.162278e-07,1.867522e-04,2.204340e-04,6.283885e+01
src_m,10,3.665191,5.623413e-07,7.548454e-05,3.874591e-05,3.536832e+01
src_m,10,3.665191,1.000000e-06,7.576332e-05,6.247926e-05,1.991902e+01
src_m,10,3.665191,1.778279e-06,6.459907e-05,2.316752e-05,1.122975e+01
src_m,10,3.665191,3.162278e-06,9.896426e-06,2.016881e-05,6.341935e+00
src_m,10,3.665191,5.623413e-06,1.403125e-05,7.415314e-07,3.591828e+00
src_m,10,3.665191,1.000000e-05,2.713741e-06,5.453350e-06,2.043845e+00
src_m,10,3.665191,1.778279e-05,7.422557e-07,4.282013e-06,1.171865e+00
src_m,10,3.665191,3.162278e-05,1.326992e-06,9.546013e-07,6.800305e-01
src_m,10,3.665191,5.623413e-05,8.499785e-07,7.103244e-07,4.019666e-01
src_m,10,3.665191,1.000000e-04,2.443540e-07,4.816764e-07,2.441151e-01
src_m,10,3.665191,1.778279e-04,4.448897e-07,7.496519e-07,1.538640e-01
src_m,10,3.665191,3.162278e-04,1.907573e-07,1.555863e-07,1.016275e-01
src_m,10,3.665191,5.623413e-04,9.500616e-08,9.666721e-08,7.076813e-02
src_m,10,3.665191,1.000000e-03,2.869277e-08,2.731110e-08,5.193030e-02
src_m,10,3.665191,1.778279e-03,1.909800e-08,1.027491e-08,3.985300e-02
src_m,10,3.665191,3.162278e-03,1.380344e-09,4.927612e-09,3.157823e-02
src_m,10,3.665191,5.623413e-03,1.964084e-09,2.544424e-09,2.544374e-02
src_m,10,3.665191,1.000000e-02,7.700825e-10,3.977060e-10,2.051772e-02
src_m,10,3.665191,1.778279e-02,1.186005e-10,4.443752e-10,1.628370e-02
src_m,10,3.665191,3.162278e-02,3.049378e-11,1.769289e-12,1.246991e-02
src_m,10,3.665191,5.623413e-02,1.219478e-11,4.393072e-11,8.966802e-03
src_m,10,3.665191,1.000000e-01,1.732844e-12,1.663977e-11,5.802494e-03
src_m,10,3.665191,1.778279e-01,3.387020e-11,2.455594e-12,3.144114e-03
src_m,10,3.665191,3.162278e-01,1.216402e-12,1.914959e-11,1.249630e-03
src_m,10,3.665191,5.623413e-01,6.135588e-10,7.929755e-10,2.754659e-04
src_m,10,3.665191,1.000000e+00,2.949089e-08,7.937396e-09,3.400577e-05
src_m,10,4.188790,1.000000e-12,8.850519e+60,1.050808e+61,3.945800e+06
src_m,10,4.188790,1.778279e-12,9.669996e+60,8.147497e+60,2.218886e+06
src_m,10,4.188790,3.162278e-12,1.878229e+60,6.329423e+60,1.247771e+06
src_m,10,4.188790,5.623413e-12,2.052136e+60,1.025737e+60,7.016735e+05
src_m,10,4.188790,1.000000e-11,1.890716e+60,1.092760e+54,3.945801e+05
src_m,10,4.188790,1.778279e-11,4.354996e+59,6.825793e+58,2.218887e+05
src_m,10,4.188790,3.162278e-11,5.389686e+59,2.006217e+59,1.247773e+05
src_m,10,4.188790,5.623413e-11,1.080073e+60,6.145032e+54,7.016747e+04
src_m,10,4.188790,1.000000e-10,1.836571e+59,9.850806e+58,3.945812e+04
src_m,10,4.188790,1.778279e-10,1.176584e+59,1.461375e+58,2.218898e+04
src_m,10,4.188790,3.162278e-10,6.706457e+57,2.376912e+58,1.247783e+04
src_m,10,4.188790,5.623413e-10,1.919667e+58,1.410066e+58,7.016848e+03
src_m,10,4.188790,1.000000e-09,1.785234e+58,3.605222e+58,3.945910e+03
src_m,10,4.188790,1.778279e-09,8.367846e+57,2.342921e+58,2.218993e+03
src_m,10,4.188790,3.162278e-09,1.646489e+56,2.399273e+57,1.247875e+03
src_m,10,4.188790,5.623413e-09,3.794053e+56,3.613188e+57,7.017736e+02
src_m,10,4.188790,1.000000e-08,6.594862e+56,7.218166e+56,3.946767e+02
src_m,10,4.188790,1.778279e-08,2.136121e+57,9.634134e+56,2.219820e+02
src_m,10,4.188790,3.162278e-08,1.304777e-02,4.704834e-03,1.248671e+02
src_m,10,4.188790,5.623413e-08,3.964083e-04,3.248704e-03,7.025395e+01
src_m,10,4.188790,1.000000e-07,1.197119e-03,1.272977e-03,3.954122e+01
src_m,10,4.188790,1.778279e-07,9.966425e-04,6.041639e-05,2.226869e+01
src_m,10,4.188790,3.162278e-07,1.420354e-03,5.424336e-04,1.255415e+01
src_m,10,4.188790,5.623413e-07,1.285490e-04,2.939270e-04,7.089779e+00
src_m,10,4.188790,1.000000e-06,5.140596e-05,6.461037e-05,4.015452e+00
src_m,10,4.188790,1.778279e-06,3.540350e-05,2.371734e-05,2.285146e+00
src_m,10,4.188790,3.162278e-06,3.143989e-05,1.886787e-05,1.310639e+00
src_m,10,4.188790,5.623413e-06,3.216807e-05,9.518979e-05,7.611484e-01
src_m,10,4.188790,1.000000e-05,1.841523e-05,2.367914e-05,4.506624e-01
src_m,10,4.188790,1.778279e-05,4.193904e-06,7.959433e-06,2.745786e-01
src_m,10,4.188790,3.162278e-05,2.830565e-08,3.019753e-06,1.740746e-01
src_m,10,4.188790,5.623413e-05,2.168675e-06,4.968687e-07,1.160724e-01
src_m,10,4.188790,1.000000e-04,5.508268e-07,5.368350e-07,8.197056e-02
src_m,10,4.188790,1.778279e-04,1.048296e-07,4.356909e-08,6.130900e-02
src_m,10,4.188790,3.162278e-04,6.358793e-09,4.535456e-08,4.820548e-02
src_m,10,4.188790,5.623413e-04,2.346684e-08,1.410499e-08,3.935228e-02
src_m,10,4.188790,1.000000e-03,4.026123e-08,1.317973e-08,3.288944e-02
src_m,10,4.188790,1.778279e-03,1.956045e-09,5.416118e-09,2.777145e-02
src_m,10,4.188790,3.162278e-03,5.977430e-10,5.125458e-10,2.341140e-02
src_m,10,4.188790,5.623413e-03,8.300023e-10,1.351187e-09,1.948197e-02
src_m,10,4.188790,1.000000e-02,1.164746e-10,1.248113e-10,1.580622e-02
src_m,10,4.188790,1.778279e-02,9.905518e-11,6.407891e-11,1.230236e-02
src_m,10,4.188790,3.162278e-02,3.557309e-11,1.656697e-11,8.965722e-03
src_m,10,4.188790,5.623413e-02,1.443587e-12,1.436186e-11,5.880069e-03
src_m,10,4.188790,1.000000e-01,2.723057e-11,4.214323e-11,3.240333e-03
src_m,10,4.188790,1.778279e-01,1.970337e-11,3.835298e-11,1.322686e-03
src_m,10,4.188790,3.162278e-01,8.572774e-11,4.137463e-10,3.083335e-04
src_m,10,4.188790,5.623413e-01,2.050722e-08,1.668218e-08,3.759044e-05
src_m,10,4.188790,1.000000e+00,1.120716e-07,3.220520e-07,2.530772e-05
src_m,10,4.712389,1.000000e-12,6.874902e+68,1.715977e+68,1.502374e-01
src_m,10,4.712389,1.778279e-12,1.295187e+68,5.265232e+67,1.468448e-01
src_m,10,4.712389,3.162278e-12,3.005748e+60,2.036327e+67,1.434523e-01
src_m,10,4.712389,5.623413e-12,1.822585e+67,5.403941e+66,1.400597e-01
src_m,10,4.712389,1.000000e-11,3.937083e+66,2.667407e+65,1.366672e-01
src_m,10,4.712389,1.778279e-11,9.041654e+65,7.623710e+65,1.332747e-01
src_m,10,4.712389,3.162278e-11,2.403479e+65,4.430329e+65,1.298822e-01
src_m,10,4.712389,5.623413e-11,1.717584e+65,3.196642e+65,1.264897e-01
src_m,10,4.712389,1.000000e-10,6.274181e+64,2.603778e+64,1.230972e-01
src_m,10,4.712389,1.778279e-10,2.409275e+64,1.813072e+64,1.197047e-01
src_m,10,4.712389,3.162278e-10,3.826063e+62,2.792601e+63,1.163122e-01
src_m,10,4.712389,5.623413e-10,8.434410e+62,1.534557e+63,1.129197e-01
src_m,10,4.712389,1.000000e-09,1.683420e+62,2.223471e+62,1.095272e-01
src_m,10,4.712389,1.778279e-09,3.643855e+62,4.709356e+62,1.061347e-01
src_m,10,4.712389,3.162278e-09,6.975291e+61,4.896665e+61,1.027422e-01
src_m,10,4.712389,5.623413e-09,3.982201e+61,2.064631e+61,9.934968e-02
src_m,10,4.712389,1.000000e-08,5.385582e+58,3.596244e+60,9.595717e-02
src_m,10,4.712389,1.778279e-08,1.321175e+60,3.286227e+60,9.256467e-02
src_m,10,4.712389,3.162278e-08,1.339126e+01,1.041194e+01,8.917216e-02
src_m,10,4.712389,5.623413e-08,1.254706e+00,1.712169e+00,8.577966e-02
src_m,10,4.712389,1.000000e-07,1.427063e+00,1.649454e-02,8.238716e-02
src_m,10,4.712389,1.778279e-07,3.355777e-01,4.190990e-03,7.899465e-02
src_m,10,4.712389,3.162278e-07,8.003215e-03,5.632730e-02,7.560215e-02
src_m,10,4.712389,5.623413e-07,1.416512e-02,3.427291e-02,7.220964e-02
src_m,10,4.712389,1.000000e-06,1.059389e-03,1.262220e-02,6.881714e-02
src_m,10,4.712389,1.778279e-06,7.107135e-03,1.368749e-03,6.542463e-02
src_m,10,4.712389,3.162278e-06,5.909052e-04,7.777730e-04,6.203213e-02
src_m,10,4.712389,5.623413e-06,4.053424e-04,3.425022e-04,5.863963e-02
src_m,10,4.712389,1.000000e-05,3.401927e-05,8.967468e-05,5.524712e-02
src_m,10,4.712389,1.778279e-05,3.025370e-05,1.984947e-05,5.185462e-02
src_m,10,4.712389,3.162278e-05,1.635719e-05,8.171988e-06,4.846211e-02
src_m,10,4.712389,5.623413e-05,2.739000e-06,4.514176e-06,4.506961e-02
src_m,10,4.712389,1.000000e-04,2.195919e-07,3.181255e-08,4.167712e-02
src_m,10,4.712389,1.778279e-04,3.506138e-07,5.350359e-08,3.828463e-02
src_m,10,4.712389,3.162278e-04,1.632438e-08,1.013287e-08,3.489219e-02
src_m,10,4.712389,5.623413e-04,1.329964e-08,3.567695e-08,3.149986e-02
src_m,10,4.712389,1.000000e-03,7.026269e-09,1.229749e-08,2.810786e-02
src_m,10,4.712389,1.778279e-03,8.212844e-09,3.516324e-09,2.471678e-02
src_m,10,4.712389,3.162278e-03,1.096852e-09,1.276293e-09,2.132825e-02
src_m,10,4.712389,5.623413e-03,8.433907e-10,9.639314e-10,1.794668e-02
src_m,10,4.712389,1.000000e-02,1.609736e-10,1.619715e-10,1.458351e-02
src_m,10,4.712389,1.778279e-02,2.987915e-11,9.319236e-11,1.126733e-02
src_m,10,4.712389,3.162278e-02,3.934539e-11,5.523485e-11,8.064738e-03
src_m,10,4.712389,5.623413e-02,2.509973e-11,3.001872e-11,5.114652e-03
src_m,10,4.712389,1.000000e-01,6.773880e-12,5.167374e-12,2.656033e-03
src_m,10,4.712389,1.778279e-01,6.391822e-11,2.676981e-12,9.730804e-04
src_m,10,4.712389,3.162278e-01,4.284573e-10,7.952343e-10,1.849325e-04
src_m,10,4.712389,5.623413e-01,4.888501e-08,4.678193e-08,2.846445e-05
src_m,10,4.712389,1.000000e+00,3.742918e-06,3.739264e-06,1.971442e-05
src_m,10,5.235988,1.000000e-12,1.049558e+61,2.266318e+61,3.945799e+06
src_m,10,5.235988,1.778279e-12,4.834999e+60,4.073749e+60,2.218886e+06
src_m,10,5.235988,3.162278e-12,4.454678e+60,5.282673e+60,1.247771e+06
src_m,10,5.235988,5.623413e-12,2.756557e+60,4.424496e+60,7.016733e+05
src_m,10,5.235988,1.000000e-11,2.836075e+60,1.092761e+54,3.945798e+05
src_m,10,5.235988,1.778279e-11,4.355001e+59,6.662276e+59,2.218885e+05
src_m,10,5.235988,3.162278e-11,2.006245e+59,6.289488e+58,1.247770e+05
src_m,10,5.235988,5.623413e-11,5.545272e+59,7.103904e+59,7.016721e+04
src_m,10,5.235988,1.000000e-10,2.421161e+59,1.703135e+59,3.945787e+04
src_m,10,5.235988,1.778279e-10,1.568861e+59,1.961134e+59,2.218874e+04
src_m,10,5.235988,3.162278e-10,3.617553e+58,5.630082e+57,1.247760e+04
src_m,10,5.235988,5.623413e-10,1.658773e+58,1.671069e+58,7.016620e+03
src_m,10,5.235988,1.000000e-09,3.078875e+58,1.304467e+58,3.945689e+03
src_m,10,5.235988,1.778279e-09,2.382016e+58,9.132887e+56,2.218779e+03
src_m,10,5.235988,3.162278e-09,5.655203e+57,2.399672e+57,1.247668e+03
src_m,10,5.235988,5.623413e-09,1.825536e+57,1.879328e+57,7.015732e+02
src_m,10,5.235988,1.000000e-08,1.825181e+57,2.320761e+57,3.944832e+02
src_m,10,5.235988,1.778279e-08,1.501171e+57,2.137920e+57,2.217952e+02
src_m,10,5.235988,3.162278e-08,5.482404e-03,1.231864e-02,1.246871e+02
src_m,10,5.235988,5.623413e-08,1.620120e-03,4.749166e-04,7.008072e+01
src_m,10,5.235988,1.000000e-07,3.609348e-03,2.685323e-03,3.937477e+01
src_m,10,5.235988,1.778279e-07,6.195647e-04,3.209921e-04,2.210903e+01
src_m,10,5.235988,3.162278e-07,5.118127e-04,8.917856e-04,1.240128e+01
src_m,10,5.235988,5.623413e-07,1.079216e-04,9.181258e-05,6.943689e+00
src_m,10,5.235988,1.000000e-06,4.648581e-05,3.848763e-04,3.876147e+00
src_m,10,5.235988,1.778279e-06,1.700023e-04,3.316690e-05,2.152626e+00
src_m,10,5.235988,3.162278e-06,1.020976e-04,5.126001e-05,1.184904e+00
src_m,10,5.235988,5.623413e-06,5.024746e-06,1.006651e-05,6.421984e-01
src_m,10,5.235988,1.000000e-05,8.681385e-06,1.247801e-05,3.384975e-01
src_m,10,5.235988,1.778279e-05,1.953023e-06,1.387166e-06,1.691987e-01
src_m,10,5.235988,3.162278e-05,4.924409e-06,4.002895e-06,7.547969e-02
src_m,10,5.235988,5.623413e-05,3.849622e-06,9.098413e-06,2.426242e-02
src_m,10,5.235988,1.000000e-04,1.272119e-06,1.583752e-05,3.054388e-03
src_m,10,5.235988,1.778279e-04,4.600506e-09,2.628790e-08,1.693098e-02
src_m,10,5.235988,3.162278e-04,1.307327e-07,1.172653e-07,2.324958e-02
src_m,10,5.235988,5.623413e-04,4.612898e-09,3.109430e-08,2.531804e-02
src_m,10,5.235988,1.000000e-03,1.500133e-08,5.684185e-09,2.499664e-02
src_m,10,5.235988,1.778279e-03,5.525714e-09,2.946148e-09,2.333183e-02
src_m,10,5.235988,3.162278e-03,2.501691e-09,2.308887e-09,2.091307e-02
src_m,10,5.235988,5.623413e-03,1.045615e-09,9.985762e-10,1.807456e-02
src_m,10,5.235988,1.000000e-02,7.420303e-12,3.817206e-10,1.501142e-02
src_m,10,5.235988,1.778279e-02,2.535713e-11,5.797361e-12,1.185133e-02
src_m,10,5.235988,3.162278e-02,1.045204e-10,7.806357e-11,8.707969e-03
src_m,10,5.235988,5.623413e-02,2.886141e-11,4.552620e-11,5.732645e-03
src_m,10,5.235988,1.000000e-01,5.294614e-12,7.783259e-12,3.159159e-03
src_m,10,5.235988,1.778279e-01,2.098045e-11,6.186635e-11,1.284641e-03
src_m,10,5.235988,3.162278e-01,2.053126e-10,4.709610e-10,2.974626e-04
src_m,10,5.235988,5.623413e-01,2.858106e-08,2.745835e-10,3.511212e-05
src_m,10,5.235988,1.000000e+00,1.769151e-06,1.762475e-06,2.042828e-05
src_m,10,5.759587,1.000000e-12,8.653242e+60,1.236675e+61,1.984622e+07
src_m,10,5.759587,1.778279e-12,8.512721e+60,1.952123e+61,1.116035e+07
src_m,10,5.759587,3.162278e-12,2.085192e+60,1.835312e+60,6.275927e+06
src_m,10,5.759587,5.623413e-12,2.925321e+60,4.583390e+59,3.529213e+06
src_m,10,5.759587,1.000000e-11,7.994839e+59,1.347658e+60,1.984622e+06
src_m,10,5.759587,1.778279e-11,7.181057e+59,5.722069e+59,1.116035e+06
src_m,10,5.759587,3.162278e-11,4.289770e+59,3.308226e+59,6.275926e+05
src_m,10,5.759587,5.623413e-11,4.130013e+58,1.769682e+59,3.529212e+05
src_m,10,5.759587,1.000000e-10,1.404091e+59,6.069290e+58,1.984621e+05
src_m,10,5.759587,1.778279e-10,6.467744e+58,5.591304e+58,1.116034e+05
src_m,10,5.759587,3.162278e-10,3.863207e+58,2.980339e+58,6.275915e+04
src_m,10,5.759587,5.623413e-10,4.085550e+57,9.640949e+57,3.529201e+04
src_m,10,5.759587,1.000000e-09,6.301673e+57,3.731202e+57,1.984611e+04
src_m,10,5.759587,1.778279e-09,7.593532e+57,2.556936e+57,1.116024e+04
src_m,10,5.759587,3.162278e-09,4.323734e+56,7.393056e+57,6.275820e+03
src_m,10,5.759587,5.623413e-09,2.897116e+56,9.466930e+56,3.529110e+03
src_m,10,5.759587,1.000000e-08,9.705498e+56,1.462957e+57,1.984522e+03
src_m,10,5.759587,1.778279e-08,5.074846e+56,1.032287e+57,1.115939e+03
src_m,10,5.759587,3.162278e-08,1.325281e+55,3.985218e+56,6.274995e+02
src_m,10,5.759587,5.623413e-08,6.032834e-05,1.829164e-03,3.528316e+02
src_m,10,5.759587,1.000000e-07,9.036327e-06,6.971974e-04,1.983759e+02
src_m,10,5.759587,1.778279e-07,2.994872e-04,3.004579e-04,1.115205e+02
src_m,10,5.759587,3.162278e-07,3.431708e-05,5.018147e-05,6.267969e+01
src_m,10,5.759587,5.623413e-07,1.943916e-04,1.323142e-05,3.521595e+01
src_m,10,5.759587,1.000000e-06,1.454544e-05,7.399508e-05,1.977343e+01
src_m,10,5.759587,1.778279e-06,1.096564e-05,1.105641e-04,1.109095e+01
src_m,10,5.759587,3.162278e-06,6.482504e-05,4.091824e-05,6.209919e+00
src_m,10,5.759587,5.623413e-06,6.760856e-06,9.065570e-06,3.466598e+00
src_m,10,5.759587,1.000000e-05,6.795262e-07,6.644859e-07,1.925400e+00
src_m,10,5.759587,1.778279e-05,2.902092e-07,1.204364e-06,1.060205e+00
src_m,10,5.759587,3.162278e-05,4.049580e-07,1.112947e-06,5.751550e-01
src_m,10,5.759587,5.623413e-05,4.805637e-06,3.594148e-07,3.038762e-01
src_m,10,5.759587,1.000000e-04,3.111969e-07,9.451989e-08,1.528097e-01
src_m,10,5.759587,1.778279e-04,3.797646e-07,6.856223e-08,6.934358e-02
src_m,10,5.759587,3.162278e-04,9.423662e-07,2.462536e-08,2.389200e-02
src_m,10,5.759587,5.623413e-04,2.203087e-05,7.775711e-06,1.824133e-04
src_m,10,5.759587,1.000000e-03,5.182024e-08,2.091662e-08,1.223553e-02
src_m,10,5.759587,1.778279e-03,2.464272e-08,4.563726e-09,1.752866e-02
src_m,10,5.759587,3.162278e-03,1.461667e-08,1.451634e-08,1.902080e-02
src_m,10,5.759587,5.623413e-03,1.085163e-11,1.536546e-09,1.837696e-02
src_m,10,5.759587,1.000000e-02,1.944079e-09,1.303269e-09,1.653637e-02
src_m,10,5.759587,1.778279e-02,1.734514e-10,5.874053e-11,1.403497e-02
src_m,10,5.759587,3.162278e-02,7.232067e-11,2.640690e-11,1.119360e-02
src_m,10,5.759587,5.623413e-02,5.628447e-11,8.345258e-11,8.237738e-03
src_m,10,5.759587,1.000000e-01,1.373629e-11,1.283551e-11,5.386883e-03
src_m,10,5.759587,1.778279e-01,8.133895e-12,1.127616e-11,2.918060e-03
src_m,10,5.759587,3.162278e-01,9.749524e-11,1.128800e-10,1.147268e-03
src_m,10,5.759587,5.623413e-01,7.287704e-10,5.229350e-10,2.487866e-04
src_m,10,5.759587,1.000000e+00,5.734569e-08,3.395734e-08,2.727813e-05
